START,STOP,PATIENT,ENCOUNTER,SYSTEM,CODE,DESCRIPTION
1995-01-07,,922fb35e-148d-9e82-7e65-bfa05e3b3515,922fb35e-148d-9e82-f3bc-af11977933c7,SNOMED-CT,40055000,Chronic sinusitis (disorder)
2004-12-30,,922fb35e-148d-9e82-7e65-bfa05e3b3515,922fb35e-148d-9e82-0688-faac6f54dbfb,SNOMED-CT,224299000,Received higher education (finding)
2006-08-27,,922fb35e-148d-9e82-7e65-bfa05e3b3515,922fb35e-148d-9e82-e5d5-7ce6b3dc7dec,SNOMED-CT,127294003,
2012-01-12,2018-01-18,922fb35e-148d-9e82-7e65-bfa05e3b3515,922fb35e-148d-9e82-f652-3096936f3853,SNOMED-CT,160903007,Full-time employment (finding)
2015-01-15,2021-01-21,922fb35e-148d-9e82-7e65-bfa05e3b3515,922fb35e-148d-9e82-66a8-30c79ac5bdfd,SNOMED-CT,73595000,Stress (finding)
2016-04-14,2016-11-17,922fb35e-148d-9e82-7e65-bfa05e3b3515,922fb35e-148d-9e82-2e63-6f3c5299d8d1,SNOMED-CT,72892002,Normal pregnancy (finding)
2017-12-14,2018-01-03,922fb35e-148d-9e82-7e65-bfa05e3b3515,922fb35e-148d-9e82-75d5-9ea82c76d302,SNOMED-CT,444814009,Viral sinusitis (disorder)
2018-01-18,2024-01-25,922fb35e-148d-9e82-7e65-bfa05e3b3515,922fb35e-148d-9e82-b618-fe12266597bd,SNOMED-CT,314529007,Medication review due (situation)
2018-01-18,2021-01-21,922fb35e-148d-9e82-7e65-bfa05e3b3515,922fb35e-148d-9e82-b618-fe12266597bd,SNOMED-CT,741062008,Not in labor force (finding)
2018-01-18,2018-02-02,922fb35e-148d-9e82-7e65-bfa05e3b3515,922fb35e-148d-9e82-b618-fe12266597bd,SNOMED-CT,66383009,Gingivitis (disorder)
2018-02-01,2018-02-01,922fb35e-148d-9e82-7e65-bfa05e3b3515,922fb35e-148d-9e82-f170-735ad33c5bd5,SNOMED-CT,18718003,Gingival disease (disorder)
2020-04-28,2020-05-07,922fb35e-148d-9e82-7e65-bfa05e3b3515,922fb35e-148d-9e82-2e60-e38fbba24d49,SNOMED-CT,444814009,Viral sinusitis (disorder)
2021-01-21,,922fb35e-148d-9e82-7e65-bfa05e3b3515,922fb35e-148d-9e82-1563-fc2eda5ba518,SNOMED-CT,160904001,Part-time employment (finding)
2024-01-25,,922fb35e-148d-9e82-7e65-bfa05e3b3515,922fb35e-148d-9e82-99f1-8aa36d18014e,SNOMED-CT,73595000,Stress (finding)
2025-06-18,2025-06-29,922fb35e-148d-9e82-7e65-bfa05e3b3515,922fb35e-148d-9e82-811d-e19b2a8daec2,SNOMED-CT,444814009,Viral sinusitis (disorder)
2025-08-14,2026-03-19,922fb35e-148d-9e82-7e65-bfa05e3b3515,922fb35e-148d-9e82-6a72-4001ef191d37,SNOMED-CT,72892002,Normal pregnancy (finding)
2026-01-29,2026-03-19,922fb35e-148d-9e82-7e65-bfa05e3b3515,922fb35e-148d-9e82-b8cf-ba4446b318eb,SNOMED-CT,398254007,Pre-eclampsia (dsiorder)
2000-06-27,,6aed9210-c500-4375-b0fc-3374c40b8591,8e5144bb-1516-40ef-8d1a-4113b4175dcb,SNOMED-CT,160968000,Risk activity involvement (finding)
2001-04-14,,6aed9210-c500-4375-b0fc-3374c40b8591,6aed9210-c500-4375-dc77-f75de95bb9b6,SNOMED-CT,82423001,Chronic pain (finding)
2003-07-15,,6aed9210-c500-4375-b0fc-3374c40b8591,6aed9210-c500-4375-95c8-10ba83e6d6b8,SNOMED-CT,224299000,Received higher education (finding)
2013-07-30,,6aed9210-c500-4375-b0fc-3374c40b8591,6aed9210-c500-4375-9b43-542753f09cff,SNOMED-CT,706893006,Victim of intimate partner abuse (finding)
2014-02-06,,6aed9210-c500-4375-b0fc-3374c40b8591,6aed9210-c500-4375-04df-a35299f3ab1e,SNOMED-CT,278860009,Chronic low back pain (finding)
2014-10-22,2017-08-23,6aed9210-c500-4375-b0fc-3374c40b8591,6aed9210-c500-4375-62c9-f7a0dd542764,SNOMED-CT,10939881000119105,Unhealthy alcohol drinking behavior (finding)
2016-08-16,2017-08-22,6aed9210-c500-4375-b0fc-3374c40b8591,6aed9210-c500-4375-4681-3583dd0a0fae,SNOMED-CT,160903007,Full-time employment (finding)
2017-08-22,2017-08-22,6aed9210-c500-4375-b0fc-3374c40b8591,6aed9210-c500-4375-3842-8b8fcbeac34d,SNOMED-CT,314529007,Medication review due (situation)
2017-08-22,2018-08-28,6aed9210-c500-4375-b0fc-3374c40b8591,6aed9210-c500-4375-3842-8b8fcbeac34d,SNOMED-CT,160904001,Part-time employment (finding)
2017-08-22,2019-09-03,6aed9210-c500-4375-b0fc-3374c40b8591,6aed9210-c500-4375-3842-8b8fcbeac34d,SNOMED-CT,73595000,Stress (finding)
2018-01-17,2018-02-09,6aed9210-c500-4375-b0fc-3374c40b8591,6aed9210-c500-4375-a405-b2db585cbd1b,SNOMED-CT,444814009,Viral sinusitis (disorder)
2018-08-28,2024-10-01,6aed9210-c500-4375-b0fc-3374c40b8591,6aed9210-c500-4375-aa67-7f659b12e262,SNOMED-CT,314529007,Medication review due (situation)
2018-08-28,2019-09-03,6aed9210-c500-4375-b0fc-3374c40b8591,6aed9210-c500-4375-aa67-7f659b12e262,SNOMED-CT,160903007,Full-time employment (finding)
2018-08-28,09/08/2020,6aed9210-c500-4375-b0fc-3374c40b8591,6aed9210-c500-4375-aa67-7f659b12e262,SNOMED-CT,423315002,Limited social contact (finding)
2019-09-03,2020-09-08,6aed9210-c500-4375-b0fc-3374c40b8591,6aed9210-c500-4375-a8cd-28febfe1b892,SNOMED-CT,160904001,Part-time employment (finding)
2019-09-03,2019-09-18,6aed9210-c500-4375-b0fc-3374c40b8591,6aed9210-c500-4375-a8cd-28febfe1b892,SNOMED-CT,66383009,Gingivitis (disorder)
2019-09-18,2019-09-18,6aed9210-c500-4375-b0fc-3374c40b8591,6aed9210-c500-4375-cd1a-abd5b300b910,SNOMED-CT,278598003,Leaking dental filling (finding)
2020-09-08,,6aed9210-c500-4375-b0fc-3374c40b8591,6aed9210-c500-4375-1ea7-678e450a81e9,SNOMED-CT,714628002,Prediabetes (finding)
2020-09-08,,6aed9210-c500-4375-b0fc-3374c40b8591,6aed9210-c500-4375-1ea7-678e450a81e9,SNOMED-CT,271737000,Anemia (disorder)
2020-09-08,2021-09-14,6aed9210-c500-4375-b0fc-3374c40b8591,6aed9210-c500-4375-1ea7-678e450a81e9,SNOMED-CT,741062008,Not in labor force (finding)
2021-09-14,2025-10-07,6aed9210-c500-4375-b0fc-3374c40b8591,6aed9210-c500-4375-fc78-e6f3cf7f7813,SNOMED-CT,160903007,Full-time employment (finding)
2021-09-14,,6aed9210-c500-4375-b0fc-3374c40b8591,6aed9210-c500-4375-fc78-e6f3cf7f7813,SNOMED-CT,422650009,Social isolation (finding)
2021-09-14,2022-09-20,6aed9210-c500-4375-b0fc-3374c40b8591,6aed9210-c500-4375-fc78-e6f3cf7f7813,SNOMED-CT,73595000,Stress (finding)
2022-09-20,2024-10-01,6aed9210-c500-4375-b0fc-3374c40b8591,6aed9210-c500-4375-dd83-2880898a7646,SNOMED-CT,423315002,Limited social contact (finding)
2022-10-05,2022-10-05,6aed9210-c500-4375-b0fc-3374c40b8591,6aed9210-c500-4375-67eb-bb575b10f2f9,SNOMED-CT,109570002,Primary dental caries (disorder)
2023-07-26,2023-08-14,6aed9210-c500-4375-b0fc-3374c40b8591,6aed9210-c500-4375-92ff-2ab960a4c6ac,SNOMED-CT,183996000,Sterilization requested (situation)
2023-09-26,2024-11-12,6aed9210-c500-4375-b0fc-3374c40b8591,6aed9210-c500-4375-94fb-8fea6a7d9f20,SNOMED-CT,73595000,Stress (finding)
2024-10-16,2024-10-16,6aed9210-c500-4375-b0fc-3374c40b8591,6aed9210-c500-4375-f98a-b8fbe6944598,SNOMED-CT,109570002,Primary dental caries (disorder)
2024-11-12,2025-10-07,6aed9210-c500-4375-b0fc-3374c40b8591,6aed9210-c500-4375-eaef-be7b31b6fe76,SNOMED-CT,314529007,Medication review due (situation)
2024-11-12,2025-10-07,6aed9210-c500-4375-b0fc-3374c40b8591,6aed9210-c500-4375-eaef-be7b31b6fe76,SNOMED-CT,423315002,Limited social contact (finding)
2024-11-14,2024-12-06,6aed9210-c500-4375-b0fc-3374c40b8591,6aed9210-c500-4375-8097-c10275909537,SNOMED-CT,444814009,Viral sinusitis (disorder)
2025-08-01,13/08/2025,6aed9210-c500-4375-b0fc-3374c40b8591,6aed9210-c500-4375-6496-e1fd8fc58c59,SNOMED-CT,10509002,Acute bronchitis (disorder)
2025-08-12,,6aed9210-c500-4375-b0fc-3374c40b8591,6aed9210-c500-4375-eb94-48b87c1d415c,SNOMED-CT,73595000,Stress (finding)
2025-08-13,2025-08-26,6aed9210-c500-4375-b0fc-3374c40b8591,6aed9210-c500-4375-eb94-48b87c1d415c,SNOMED-CT,66383009,Gingivitis (disorder)
2025-10-07,,6aed9210-c500-4375-b0fc-3374c40b8591,6aed9210-c500-4375-616e-61d7bab35d1a,SNOMED-CT,160904001,Part-time employment (finding)
2025-10-07,2025-10-22,6aed9210-c500-4375-b0fc-3374c40b8591,6aed9210-c500-4375-616e-61d7bab35d1a,SNOMED-CT,66383009,Gingivitis (disorder)
2025-10-22,2025-10-22,6aed9210-c500-4375-b0fc-3374c40b8591,6aed9210-c500-4375-93f0-cd18f397a9bd,SNOMED-CT,18718003,Gingival disease (disorder)
2016-10-02,,6f45f2e9-a617-570a-8867-dec1260088bb,6f45f2e9-a617-570a-2c2f-dfce37130deb,SNOMED-CT,446096008,Perennial allergic rhinitis (disorder)
2016-10-20,2019-05-02,6f45f2e9-a617-570a-8867-dec1260088bb,6f45f2e9-a617-570a-ac72-e32886abc3bc,SNOMED-CT,314529007,Medication review due (situation)
2016-12-27,2017-01-27,6f45f2e9-a617-570a-8867-dec1260088bb,6f45f2e9-a617-570a-6b86-bb209d13eaf1,SNOMED-CT,48333001,Burn injury (morphologic abnormality)
2016-12-27,2017-01-27,6f45f2e9-a617-570a-8867-dec1260088bb,6f45f2e9-a617-570a-6b86-bb209d13eaf1,SNOMED-CT,403190006,Epidermal burn of skin (disorder)
2017-01-24,2017-02-08,6f45f2e9-a617-570a-8867-dec1260088bb,6f45f2e9-a617-570a-e411-55906c91cca4,SNOMED-CT,444814009,Viral sinusitis (disorder)
2018-01-12,2018-02-02,6f45f2e9-a617-570a-8867-dec1260088bb,6f45f2e9-a617-570a-df75-134d9a8a3c1a,SNOMED-CT,444814009,
01/20/2020,28/02/2020,6f45f2e9-a617-570a-8867-dec1260088bb,6f45f2e9-a617-570a-2227-7d5c52f82128,SNOMED-CT,125601008,Injury of knee (disorder)
2020-01-20,2020-02-28,6f45f2e9-a617-570a-8867-dec1260088bb,6f45f2e9-a617-570a-2227-7d5c52f82128,SNOMED-CT,239720000,Tear of meniscus of knee (disorder)
2020-05-07,2020-05-07,6f45f2e9-a617-570a-8867-dec1260088bb,6f45f2e9-a617-570a-1adf-6d02acf0c51d,SNOMED-CT,314529007,Medication review due (situation)
2021-05-13,2021-06-17,6f45f2e9-a617-570a-8867-dec1260088bb,6f45f2e9-a617-570a-2cc0-8b5d2b0fa66e,SNOMED-CT,314529007,Medication review due (situation)
2021-06-24,2021-07-08,6f45f2e9-a617-570a-8867-dec1260088bb,6f45f2e9-a617-570a-144f-5e953d5f3931,SNOMED-CT,10509002,Acute bronchitis (disorder)
19/05/2022,2024-05-30,6f45f2e9-a617-570a-8867-dec1260088bb,6f45f2e9-a617-570a-a799-0a378ebf567c,SNOMED-CT,314529007,Medication review due (situation)
2023-03-15,2023-04-13,6f45f2e9-a617-570a-8867-dec1260088bb,6f45f2e9-a617-570a-a728-bce169a5b20a,SNOMED-CT,36971009,Sinusitis (disorder)
2024-05-30,2024-06-06,6f45f2e9-a617-570a-8867-dec1260088bb,6f45f2e9-a617-570a-027c-293417fabeaf,SNOMED-CT,66383009,Gingivitis (disorder)
2025-01-13,02/18/2025,6f45f2e9-a617-570a-8867-dec1260088bb,6f45f2e9-a617-570a-1743-6d0272447c5e,SNOMED-CT,125605004,Fracture of bone (disorder)
2025-01-13,2025-02-18,6f45f2e9-a617-570a-8867-dec1260088bb,6f45f2e9-a617-570a-1743-6d0272447c5e,SNOMED-CT,16114001,Fracture of ankle (disorder)
2025-06-05,,6f45f2e9-a617-570a-8867-dec1260088bb,6f45f2e9-a617-570a-b451-f25b0a269d31,SNOMED-CT,314529007,Medication review due (situation)
2025-10-05,2025-10-28,6f45f2e9-a617-570a-8867-dec1260088bb,6f45f2e9-a617-570a-76e9-d5ca472eebfc,SNOMED-CT,444814009,Viral sinusitis (disorder)
2025-11-09,2026-08-12,6f45f2e9-a617-570a-8867-dec1260088bb,6f45f2e9-a617-570a-9e8f-f9a6a60df82e,SNOMED-CT,192127007,Child attention deficit disorder (disorder)
2026-06-11,2026-06-18,6f45f2e9-a617-570a-8867-dec1260088bb,6f45f2e9-a617-570a-e706-4091b8895168,SNOMED-CT,66383009,Gingivitis (disorder)
1983-07-31,,d57841fa-c9e2-a3d1-0e78-09bdbe4eed66,d57841fa-c9e2-a3d1-c0a2-49164496797d,SNOMED-CT,224299000,Received higher education (finding)
1990-08-28,,d57841fa-c9e2-a3d1-0e78-09bdbe4eed66,d57841fa-c9e2-a3d1-f7a0-66d51d3f7e39,SNOMED-CT,40055000,Chronic sinusitis (disorder)
1993-08-15,,d57841fa-c9e2-a3d1-0e78-09bdbe4eed66,d57841fa-c9e2-a3d1-2898-1de94b58e38b,SNOMED-CT,266948004,Has a criminal record (finding)
1995-04-22,,d57841fa-c9e2-a3d1-0e78-09bdbe4eed66,d57841fa-c9e2-a3d1-08e0-baa9ff0d65ab,SNOMED-CT,161744009,Past pregnancy history of miscarriage (situation)
2016-06-12,2017-06-18,d57841fa-c9e2-a3d1-0e78-09bdbe4eed66,d57841fa-c9e2-a3d1-b554-47c63bb803ca,SNOMED-CT,160904001,Part-time employment (finding)
2016-06-12,2017-06-18,d57841fa-c9e2-a3d1-0e78-09bdbe4eed66,d57841fa-c9e2-a3d1-b554-47c63bb803ca,SNOMED-CT,422650009,Social isolation (finding)
2017-06-18,2019-06-30,d57841fa-c9e2-a3d1-0e78-09bdbe4eed66,d57841fa-c9e2-a3d1-cb45-134849ede762,SNOMED-CT,314529007,Medication review due (situation)
2017-06-18,2018-06-24,d57841fa-c9e2-a3d1-0e78-09bdbe4eed66,d57841fa-c9e2-a3d1-cb45-134849ede762,SNOMED-CT,741062008,Not in labor force (finding)
2018-06-24,,d57841fa-c9e2-a3d1-0e78-09bdbe4eed66,d57841fa-c9e2-a3d1-0932-bd4d6c7c0257,SNOMED-CT,714628002,Prediabetes (finding)
2018-06-24,2019-06-30,d57841fa-c9e2-a3d1-0e78-09bdbe4eed66,d57841fa-c9e2-a3d1-0932-bd4d6c7c0257,SNOMED-CT,160904001,Part-time employment (finding)
2018-06-24,2018-07-08,d57841fa-c9e2-a3d1-0e78-09bdbe4eed66,d57841fa-c9e2-a3d1-0932-bd4d6c7c0257,SNOMED-CT,66383009,
2019-06-30,,d57841fa-c9e2-a3d1-0e78-09bdbe4eed66,d57841fa-c9e2-a3d1-7aa4-8b79643052cb,SNOMED-CT,271737000,Anemia (disorder)
2019-06-30,2022-07-17,d57841fa-c9e2-a3d1-0e78-09bdbe4eed66,d57841fa-c9e2-a3d1-7aa4-8b79643052cb,SNOMED-CT,160903007,Full-time employment (finding)
2019-06-30,2020-07-05,d57841fa-c9e2-a3d1-0e78-09bdbe4eed66,d57841fa-c9e2-a3d1-7aa4-8b79643052cb,SNOMED-CT,73595000,Stress (finding)
2019-06-30,2019-07-22,d57841fa-c9e2-a3d1-0e78-09bdbe4eed66,d57841fa-c9e2-a3d1-7aa4-8b79643052cb,SNOMED-CT,66383009,Gingivitis (disorder)
2019-07-21,2019-07-22,d57841fa-c9e2-a3d1-0e78-09bdbe4eed66,d57841fa-c9e2-a3d1-6562-e3878b5e1b95,SNOMED-CT,18718003,Gingival disease (disorder)
2019-07-22,2019-07-22,d57841fa-c9e2-a3d1-0e78-09bdbe4eed66,d57841fa-c9e2-a3d1-6562-e3878b5e1b95,SNOMED-CT,109570002,Primary dental caries (disorder)
2020-06-13,2021-11-04,d57841fa-c9e2-a3d1-0e78-09bdbe4eed66,d57841fa-c9e2-a3d1-b0e0-2270f29bbaa6,SNOMED-CT,68496003,Polyp of colon (disorder)
2020-07-05,2023-07-23,d57841fa-c9e2-a3d1-0e78-09bdbe4eed66,d57841fa-c9e2-a3d1-6d02-b59528487972,SNOMED-CT,314529007,Medication review due (situation)
2020-07-05,2020-07-19,d57841fa-c9e2-a3d1-0e78-09bdbe4eed66,d57841fa-c9e2-a3d1-6d02-b59528487972,SNOMED-CT,66383009,Gingivitis (disorder)
2021-08-17,2021-09-07,d57841fa-c9e2-a3d1-0e78-09bdbe4eed66,d57841fa-c9e2-a3d1-43a0-8c857b6d0258,SNOMED-CT,384709000,Sprain (morphologic abnormality)
2021-08-17,2021-09-07,d57841fa-c9e2-a3d1-0e78-09bdbe4eed66,d57841fa-c9e2-a3d1-43a0-8c857b6d0258,SNOMED-CT,44465007,Sprain of ankle (disorder)
2022-07-17,2023-07-23,d57841fa-c9e2-a3d1-0e78-09bdbe4eed66,d57841fa-c9e2-a3d1-f5c9-1762ece38cec,SNOMED-CT,73438004,Unemployed (finding)
2022-07-17,2023-07-23,d57841fa-c9e2-a3d1-0e78-09bdbe4eed66,d57841fa-c9e2-a3d1-f5c9-1762ece38cec,SNOMED-CT,73595000,Stress (finding)
2022-08-01,2022-08-01,d57841fa-c9e2-a3d1-0e78-09bdbe4eed66,d57841fa-c9e2-a3d1-4ab1-ef6d5bec7739,SNOMED-CT,278598003,Leaking dental filling (finding)
2022-10-03,2022-10-27,d57841fa-c9e2-a3d1-0e78-09bdbe4eed66,d57841fa-c9e2-a3d1-6ced-3d065a499fbf,SNOMED-CT,48333001,Burn injury (morphologic abnormality)
2022-10-03,2022-10-27,d57841fa-c9e2-a3d1-0e78-09bdbe4eed66,d57841fa-c9e2-a3d1-6ced-3d065a499fbf,SNOMED-CT,403190006,Epidermal burn of skin (disorder)
2022-10-20,2022-11-06,d57841fa-c9e2-a3d1-0e78-09bdbe4eed66,d57841fa-c9e2-a3d1-dfbc-6e77dec6cdb7,SNOMED-CT,444814009,Viral sinusitis (disorder)
2023-07-23,2024-07-28,d57841fa-c9e2-a3d1-0e78-09bdbe4eed66,d57841fa-c9e2-a3d1-7524-128ad4fac6e3,SNOMED-CT,741062008,Not in labor force (finding)
2024-07-28,2025-08-03,d57841fa-c9e2-a3d1-0e78-09bdbe4eed66,d57841fa-c9e2-a3d1-fc95-55e48f257d75,SNOMED-CT,314529007,Medication review due (situation)
2024-07-28,2025-08-03,d57841fa-c9e2-a3d1-0e78-09bdbe4eed66,d57841fa-c9e2-a3d1-fc95-55e48f257d75,SNOMED-CT,160904001,Part-time employment (finding)
2025-08-03,,d57841fa-c9e2-a3d1-0e78-09bdbe4eed66,d57841fa-c9e2-a3d1-2cbe-8f76f8cf28ff,SNOMED-CT,160903007,Full-time employment (finding)
2025-08-17,2025-08-18,d57841fa-c9e2-a3d1-0e78-09bdbe4eed66,d57841fa-c9e2-a3d1-f568-7eea0eeb9822,SNOMED-CT,18718003,Gingival disease (disorder)
2026-08-09,,d57841fa-c9e2-a3d1-0e78-09bdbe4eed66,d57841fa-c9e2-a3d1-6b0b-be25397535ba,SNOMED-CT,314529007,Medication review due (situation)
2026-08-09,,d57841fa-c9e2-a3d1-0e78-09bdbe4eed66,d57841fa-c9e2-a3d1-6b0b-be25397535ba,SNOMED-CT,73595000,Stress (finding)
2016-11-25,2016-11-25,75d6a35c-c2e1-5b9f-e7f8-6a5b05af8fc8,75d6a35c-c2e1-5b9f-f40f-d5e93c12a289,SNOMED-CT,314529007,Medication review due (situation)
2017-12-01,2018-12-07,75d6a35c-c2e1-5b9f-e7f8-6a5b05af8fc8,75d6a35c-c2e1-5b9f-830c-8360c503d4a6,SNOMED-CT,314529007,Medication review due (situation)
2018-12-14,2018-12-14,75d6a35c-c2e1-5b9f-e7f8-6a5b05af8fc8,75d6a35c-c2e1-5b9f-5148-b6d2d41b2519,SNOMED-CT,109570002,Primary dental caries (disorder)
2019-11-17,2019-11-28,75d6a35c-c2e1-5b9f-e7f8-6a5b05af8fc8,75d6a35c-c2e1-5b9f-9b6e-7cbc0cdf9119,SNOMED-CT,195662009,Acute viral pharyngitis (disorder)
2019-12-13,2020-12-18,75d6a35c-c2e1-5b9f-e7f8-6a5b05af8fc8,75d6a35c-c2e1-5b9f-f2a2-2e9e02fae76c,SNOMED-CT,314529007,
2020-11-23,2020-12-03,75d6a35c-c2e1-5b9f-e7f8-6a5b05af8fc8,75d6a35c-c2e1-5b9f-0e56-0f3ce81d6e07,SNOMED-CT,195662009,Acute viral pharyngitis (disorder)
2021-12-24,2021-12-24,75d6a35c-c2e1-5b9f-e7f8-6a5b05af8fc8,75d6a35c-c2e1-5b9f-f150-70f1f7e6ea7a,SNOMED-CT,314529007,Medication review due (situation)
2022-12-30,2024-01-05,75d6a35c-c2e1-5b9f-e7f8-6a5b05af8fc8,75d6a35c-c2e1-5b9f-a7e5-ef14537eb827,SNOMED-CT,314529007,Medication review due (situation)
2022-12-30,2023-01-06,75d6a35c-c2e1-5b9f-e7f8-6a5b05af8fc8,75d6a35c-c2e1-5b9f-a7e5-ef14537eb827,SNOMED-CT,66383009,Gingivitis (disorder)
2025-01-10,2026-01-16,75d6a35c-c2e1-5b9f-e7f8-6a5b05af8fc8,75d6a35c-c2e1-5b9f-2473-d1d6a0908420,SNOMED-CT,314529007,Medication review due (situation)
2025-09-09,2025-09-18,75d6a35c-c2e1-5b9f-e7f8-6a5b05af8fc8,75d6a35c-c2e1-5b9f-c767-a959a17ba984,SNOMED-CT,10509002,Acute bronchitis (disorder)
2026-01-16,2026-01-30,75d6a35c-c2e1-5b9f-e7f8-6a5b05af8fc8,75d6a35c-c2e1-5b9f-8058-bffad2c63e7a,SNOMED-CT,66383009,Gingivitis (disorder)
30/01/2026,2026-01-30,75d6a35c-c2e1-5b9f-e7f8-6a5b05af8fc8,75d6a35c-c2e1-5b9f-7911-8620f563eae3,SNOMED-CT,18718003,Gingival disease (disorder)
2005-03-11,2022-07-21,3236b1f8-2bc1-3e38-c539-a29407c6a206,3236b1f8-2bc1-3e38-a5ff-a942c7cc9c7f,SNOMED-CT,24079001,Atopic dermatitis (disorder)
2010-04-03,2023-09-01,3236b1f8-2bc1-3e38-c539-a29407c6a206,3236b1f8-2bc1-3e38-34f6-3276ed013813,SNOMED-CT,232353008,Perennial allergic rhinitis with seasonal variation (disorder)
2014-09-05,2019-03-08,3236b1f8-2bc1-3e38-c539-a29407c6a206,3236b1f8-2bc1-3e38-e4e3-6e0d41b032f5,SNOMED-CT,314529007,Medication review due (situation)
12/12/2017,07/01/2018,3236b1f8-2bc1-3e38-c539-a29407c6a206,3236b1f8-2bc1-3e38-a09c-1433b96011c8,SNOMED-CT,312608009,Laceration - injury (disorder)
2017-12-12,2018-01-07,3236b1f8-2bc1-3e38-c539-a29407c6a206,3236b1f8-2bc1-3e38-a09c-1433b96011c8,SNOMED-CT,370247008,Facial laceration (disorder)
07/27/2018,08/03/2019,3236b1f8-2bc1-3e38-c539-a29407c6a206,3236b1f8-2bc1-3e38-86e9-237a984ef5e0,SNOMED-CT,160968000,Risk activity involvement (finding)
2018-08-10,2018-08-28,3236b1f8-2bc1-3e38-c539-a29407c6a206,3236b1f8-2bc1-3e38-fc54-6e428e5d56b3,SNOMED-CT,444814009,Viral sinusitis (disorder)
2019-03-15,2019-05-24,3236b1f8-2bc1-3e38-c539-a29407c6a206,3236b1f8-2bc1-3e38-0ba2-ecf9a70a2a61,SNOMED-CT,75498004,Acute bacterial sinusitis (disorder)
2019-08-30,2019-09-01,3236b1f8-2bc1-3e38-c539-a29407c6a206,3236b1f8-2bc1-3e38-c44b-a1bb65dcf658,SNOMED-CT,307426000,Acute infective cystitis (disorder)
2019-10-04,2019-10-04,3236b1f8-2bc1-3e38-c539-a29407c6a206,3236b1f8-2bc1-3e38-af23-2cfe66c2a010,SNOMED-CT,314529007,Medication review due (situation)
2019-10-04,2020-10-09,3236b1f8-2bc1-3e38-c539-a29407c6a206,3236b1f8-2bc1-3e38-af23-2cfe66c2a010,SNOMED-CT,160968000,Risk activity involvement (finding)
2019-10-04,2019-10-18,3236b1f8-2bc1-3e38-c539-a29407c6a206,3236b1f8-2bc1-3e38-af23-2cfe66c2a010,SNOMED-CT,66383009,Gingivitis (disorder)
2020-04-15,2020-04-15,3236b1f8-2bc1-3e38-c539-a29407c6a206,3236b1f8-2bc1-3e38-14ae-bc063cd29ce2,SNOMED-CT,241929008,Acute allergic reaction (disorder)
2020-10-09,2021-10-15,3236b1f8-2bc1-3e38-c539-a29407c6a206,3236b1f8-2bc1-3e38-4f5f-c9be38cc11e7,SNOMED-CT,314529007,Medication review due (situation)
2022-06-03,2023-01-06,3236b1f8-2bc1-3e38-c539-a29407c6a206,3236b1f8-2bc1-3e38-61df-c886db52651d,SNOMED-CT,72892002,Normal pregnancy (finding)
2022-10-21,,3236b1f8-2bc1-3e38-c539-a29407c6a206,3236b1f8-2bc1-3e38-e4cd-fc6f74dff31c,SNOMED-CT,314529007,Medication review due (situation)
2022-10-21,,3236b1f8-2bc1-3e38-c539-a29407c6a206,3236b1f8-2bc1-3e38-e4cd-fc6f74dff31c,SNOMED-CT,224299000,Received higher education (finding)
2022-10-21,2023-10-27,3236b1f8-2bc1-3e38-c539-a29407c6a206,3236b1f8-2bc1-3e38-e4cd-fc6f74dff31c,SNOMED-CT,160904001,Part-time  employment (finding)
2022-10-21,,3236b1f8-2bc1-3e38-c539-a29407c6a206,3236b1f8-2bc1-3e38-e4cd-fc6f74dff31c,SNOMED-CT,422650009,Social isolation (finding)
2022-10-21,2022-11-04,3236b1f8-2bc1-3e38-c539-a29407c6a206,3236b1f8-2bc1-3e38-e4cd-fc6f74dff31c,SNOMED-CT,66383009,Gingivitis (disorder)
2023-06-10,2023-06-19,3236b1f8-2bc1-3e38-c539-a29407c6a206,3236b1f8-2bc1-3e38-33c5-ec6c60971d78,SNOMED-CT,444814009,Viral sinusitis (disorder)
2023-10-27,,3236b1f8-2bc1-3e38-c539-a29407c6a206,3236b1f8-2bc1-3e38-e6c4-c47bb55497c3,SNOMED-CT,160903007,Full-time employment (finding)
2023-11-10,2023-11-10,3236b1f8-2bc1-3e38-c539-a29407c6a206,3236b1f8-2bc1-3e38-98a1-98d6f988ad5b,SNOMED-CT,109570002,
2001-11-11,,a296a2ba-b1ad-a3c5-d172-aa3dfdbcdab9,18bc583f-e348-44ed-bf79-73f2ca541ea2,SNOMED-CT,40055000,Chronic sinusitis (disorder)
2005-05-02,,a296a2ba-b1ad-a3c5-d172-aa3dfdbcdab9,a296a2ba-b1ad-a3c5-e893-1c7acff5edb2,SNOMED-CT,105531004,Housing unsatisfactory (finding)
2005-05-02,,a296a2ba-b1ad-a3c5-d172-aa3dfdbcdab9,a296a2ba-b1ad-a3c5-e893-1c7acff5edb2,SNOMED-CT,224299000,Received higher education (finding)
2005-05-02,,a296a2ba-b1ad-a3c5-d172-aa3dfdbcdab9,a296a2ba-b1ad-a3c5-e893-1c7acff5edb2,SNOMED-CT,706893006,Victim of intimate partner abuse (finding)
2005-05-22,,a296a2ba-b1ad-a3c5-d172-aa3dfdbcdab9,a296a2ba-b1ad-a3c5-0fc7-e5926e81cc4b,SNOMED-CT,37320007,Loss of teeth (disorder)
2006-05-08,2018-10-29,a296a2ba-b1ad-a3c5-d172-aa3dfdbcdab9,a296a2ba-b1ad-a3c5-5b2f-36611c5f9309,SNOMED-CT,73595000,Stress (finding)
2009-05-10,2018-05-20,a296a2ba-b1ad-a3c5-d172-aa3dfdbcdab9,a296a2ba-b1ad-a3c5-9391-a2b3c5e53150,SNOMED-CT,314529007,Medication review due (situation)
2009-05-10,,a296a2ba-b1ad-a3c5-d172-aa3dfdbcdab9,a296a2ba-b1ad-a3c5-9391-a2b3c5e53150,SNOMED-CT,714628002,Prediabetes (finding)
2012.05.14,,a296a2ba-b1ad-a3c5-d172-aa3dfdbcdab9,a296a2ba-b1ad-a3c5-bb1d-14f5d224aa54,SNOMED-CT,422650009,Social isolation (finding)
2013-01-12,,a296a2ba-b1ad-a3c5-d172-aa3dfdbcdab9,a296a2ba-b1ad-a3c5-1324-5258c9c4d2f8,SNOMED-CT,267020005,History of tubal ligation (situation)
2014-02-04,,a296a2ba-b1ad-a3c5-d172-aa3dfdbcdab9,a296a2ba-b1ad-a3c5-aad2-e061e227cec6,SNOMED-CT,82423001,Chronic pain (finding)
2014-02-04,,a296a2ba-b1ad-a3c5-d172-aa3dfdbcdab9,a296a2ba-b1ad-a3c5-aad2-e061e227cec6,SNOMED-CT,278860009,
2015-05-18,2018-05-21,a296a2ba-b1ad-a3c5-d172-aa3dfdbcdab9,a296a2ba-b1ad-a3c5-8c96-07826878c82a,SNOMED-CT,160904001,Part-time employment (finding)
2015-05-18,2018-10-29,a296a2ba-b1ad-a3c5-d172-aa3dfdbcdab9,a296a2ba-b1ad-a3c5-8c96-07826878c82a,SNOMED-CT,423315002,Limited social contact (finding)
18/10/2017,2017-10-29,a296a2ba-b1ad-a3c5-d172-aa3dfdbcdab9,a296a2ba-b1ad-a3c5-3635-c83a6503e16a,SNOMED-CT,195662009,Acute viral pharyngitis (disorder)
2017-10-28,2017-11-12,a296a2ba-b1ad-a3c5-d172-aa3dfdbcdab9,a296a2ba-b1ad-a3c5-aa66-07a0cea92a7a,SNOMED-CT,10509002,Acute bronchitis (disorder)
2018-05-20,,a296a2ba-b1ad-a3c5-d172-aa3dfdbcdab9,a296a2ba-b1ad-a3c5-7434-5b1f1f984056,SNOMED-CT,271737000,Anemia (disorder)
2018-05-21,2024-05-27,a296a2ba-b1ad-a3c5-d172-aa3dfdbcdab9,a296a2ba-b1ad-a3c5-7434-5b1f1f984056,SNOMED-CT,160903007,Full-time employment (finding)
2018-05-21,,a296a2ba-b1ad-a3c5-d172-aa3dfdbcdab9,a296a2ba-b1ad-a3c5-7434-5b1f1f984056,SNOMED-CT,266948004,Has a criminal record (finding)
2018-09-29,2018-10-06,a296a2ba-b1ad-a3c5-d172-aa3dfdbcdab9,a296a2ba-b1ad-a3c5-98e6-53af489230cb,SNOMED-CT,43878008,Streptococcal sore throat (disorder)
2018-10-19,2018-10-29,a296a2ba-b1ad-a3c5-d172-aa3dfdbcdab9,a296a2ba-b1ad-a3c5-2d4c-da1a4d823077,SNOMED-CT,10509002,Acute bronchitis (disorder)
2018-10-28,2018-10-28,a296a2ba-b1ad-a3c5-d172-aa3dfdbcdab9,a296a2ba-b1ad-a3c5-72e0-47b7b2f13c7e,SNOMED-CT,314529007,Medication review due (situation)
2018-11-12,2018-11-12,a296a2ba-b1ad-a3c5-d172-aa3dfdbcdab9,a296a2ba-b1ad-a3c5-ad60-a0564eca413b,SNOMED-CT,109570002,Primary dental caries (disorder)
2019-02-07,2019-02-21,a296a2ba-b1ad-a3c5-d172-aa3dfdbcdab9,a296a2ba-b1ad-a3c5-fe24-ebd2d360b1a8,SNOMED-CT,444814009,Viral sinusitis (disorder)
2021-05-23,2021-05-23,a296a2ba-b1ad-a3c5-d172-aa3dfdbcdab9,a296a2ba-b1ad-a3c5-1eca-1bd66f5d405d,SNOMED-CT,314529007,Medication review due (situation)
2021-05-23,,a296a2ba-b1ad-a3c5-d172-aa3dfdbcdab9,a296a2ba-b1ad-a3c5-1eca-1bd66f5d405d,SNOMED-CT,162864005,Body mass index 30+ - obesity (finding)
2021-05-24,,a296a2ba-b1ad-a3c5-d172-aa3dfdbcdab9,a296a2ba-b1ad-a3c5-1eca-1bd66f5d405d,SNOMED-CT,73595000,Stress (finding)
2021-05-24,2021-06-07,a296a2ba-b1ad-a3c5-d172-aa3dfdbcdab9,a296a2ba-b1ad-a3c5-1eca-1bd66f5d405d,SNOMED-CT,66383009,Gingivitis (disorder)
2023-08-20,2023-09-14,a296a2ba-b1ad-a3c5-d172-aa3dfdbcdab9,a296a2ba-b1ad-a3c5-fd63-cd0c4845c47f,SNOMED-CT,312608009,Laceration - injury (disorder)
2023-08-20,2023-09-14,a296a2ba-b1ad-a3c5-d172-aa3dfdbcdab9,a296a2ba-b1ad-a3c5-fd63-cd0c4845c47f,SNOMED-CT,284551006,Laceration of foot (disorder)
2024-05-26,,a296a2ba-b1ad-a3c5-d172-aa3dfdbcdab9,a296a2ba-b1ad-a3c5-07fd-ed301015f5f6,SNOMED-CT,314529007,Medication review due (situation)
2024-05-27,,a296a2ba-b1ad-a3c5-d172-aa3dfdbcdab9,a296a2ba-b1ad-a3c5-07fd-ed301015f5f6,SNOMED-CT,741062008,Not in labor force (finding)
1994-05-01,,ce8f0d5d-2f0f-0c66-6a64-518b1e209f13,ce8f0d5d-2f0f-0c66-6f31-09d7e0a3e55d,SNOMED-CT,473461003,Educated to high school level (finding)
2004-05-16,2018-03-18,ce8f0d5d-2f0f-0c66-6a64-518b1e209f13,ce8f0d5d-2f0f-0c66-02f1-01a89703b945,SNOMED-CT,314529007,Medication review due (situation)
2007-05-20,,ce8f0d5d-2f0f-0c66-6a64-518b1e209f13,ce8f0d5d-2f0f-0c66-8592-86ab365cbc3e,SNOMED-CT,162864005,Body mass index 30+ - obesity (finding)
2016-03-13,2024-03-31,ce8f0d5d-2f0f-0c66-6a64-518b1e209f13,ce8f0d5d-2f0f-0c66-174d-536daf9a3bb4,SNOMED-CT,160903007,Full-time employment (finding)
2018-03-18,,ce8f0d5d-2f0f-0c66-6a64-518b1e209f13,ce8f0d5d-2f0f-0c66-193a-c74c83c24b4f,SNOMED-CT,714628002,Prediabetes (finding)
18/03/2018,,ce8f0d5d-2f0f-0c66-6a64-518b1e209f13,ce8f0d5d-2f0f-0c66-193a-c74c83c24b4f,SNOMED-CT,271737000,Anemia (disorder)
2018-03-18,2020-03-22,ce8f0d5d-2f0f-0c66-6a64-518b1e209f13,ce8f0d5d-2f0f-0c66-193a-c74c83c24b4f,SNOMED-CT,73595000,Stress (finding)
2018-03-19,2018-04-09,ce8f0d5d-2f0f-0c66-6a64-518b1e209f13,ce8f0d5d-2f0f-0c66-193a-c74c83c24b4f,SNOMED-CT,66383009,Gingivitis (disorder)
2020-03-22,2024-03-31,ce8f0d5d-2f0f-0c66-6a64-518b1e209f13,ce8f0d5d-2f0f-0c66-ea40-05b3e129205d,SNOMED-CT,314529007,Medication review due (situation)
2022-03-27,2024-03-31,ce8f0d5d-2f0f-0c66-6a64-518b1e209f13,ce8f0d5d-2f0f-0c66-d7a5-ce903774f883,SNOMED-CT,73595000,Stress (finding)
2022-03-27,2022-04-11,ce8f0d5d-2f0f-0c66-6a64-518b1e209f13,ce8f0d5d-2f0f-0c66-d7a5-ce903774f883,SNOMED-CT,66383009,Gingivitis (disorder)
2022-04-11,04/11/2022,ce8f0d5d-2f0f-0c66-6a64-518b1e209f13,ce8f0d5d-2f0f-0c66-aa75-12a045cdaca6,SNOMED-CT,18718003,Gingival disease (disorder)
2024-03-31,2026-03-08,ce8f0d5d-2f0f-0c66-6a64-518b1e209f13,ce8f0d5d-2f0f-0c66-78c0-280276b79799,SNOMED-CT,160904001,Part-time employment (finding)
2025-06-17,2025-07-02,ce8f0d5d-2f0f-0c66-6a64-518b1e209f13,ce8f0d5d-2f0f-0c66-e15c-4029a5001212,SNOMED-CT,36971009,Sinusitis (disorder)
2026-03-08,,ce8f0d5d-2f0f-0c66-6a64-518b1e209f13,ce8f0d5d-2f0f-0c66-b288-d7f35204a814,SNOMED-CT,314529007,Medication review due (situation)
2026-03-08,,ce8f0d5d-2f0f-0c66-6a64-518b1e209f13,ce8f0d5d-2f0f-0c66-b288-d7f35204a814,SNOMED-CT,160903007,Full-time employment (finding)
2024-11-03,2025-02-09,23c94034-f050-04d5-c5a3-2d42bf3ccc7f,23c94034-f050-04d5-cbfa-81e28ba3da9b,SNOMED-CT,314529007,Medication review due (situation)
2025-04-02,2025-07-13,23c94034-f050-04d5-c5a3-2d42bf3ccc7f,23c94034-f050-04d5-93df-33c2db1d7fd6,SNOMED-CT,65363002,Otitis media (disorder)
2025-04-13,2025-10-12,23c94034-f050-04d5-c5a3-2d42bf3ccc7f,23c94034-f050-04d5-555c-6d7fb39a3267,SNOMED-CT,314529007,Medication review due (situation)
2025-05-09,2025-06-03,23c94034-f050-04d5-c5a3-2d42bf3ccc7f,23c94034-f050-04d5-2ef2-ca4c3ba40d0c,SNOMED-CT,444814009,Viral sinusitis (disorder)
2026-01-11,,23c94034-f050-04d5-c5a3-2d42bf3ccc7f,23c94034-f050-04d5-2f49-f11be93a9100,SNOMED-CT,314529007,Medication review due (situation)
2017-12-17,2018-01-21,06eb6dda-a918-928f-76cf-6bf370cf2014,06eb6dda-a918-928f-07b8-81ebe14dc76a,SNOMED-CT,314529007,Medication review due (situation)
2018-03-25,2018-05-27,06eb6dda-a918-928f-76cf-6bf370cf2014,06eb6dda-a918-928f-7c3b-015712e3ed23,SNOMED-CT,314529007,Medication review due (situation)
2018-08-26,2019-05-26,06eb6dda-a918-928f-76cf-6bf370cf2014,06eb6dda-a918-928f-784c-c347ae8dc8e3,SNOMED-CT,314529007,Medication review due (situation)
2019-08-09,24/11/2019,06eb6dda-a918-928f-76cf-6bf370cf2014,06eb6dda-a918-928f-f095-6c608d682166,SNOMED-CT,65363002,Otitis media (disorder)
2019-11-24,2021-11-21,06eb6dda-a918-928f-76cf-6bf370cf2014,06eb6dda-a918-928f-87e8-9c38cbaad88a,SNOMED-CT,314529007,Medication review due (situation)
2020-04-25,,06eb6dda-a918-928f-76cf-6bf370cf2014,06eb6dda-a918-928f-73ff-5a265119312d,SNOMED-CT,24079001,Atopic dermatitis (disorder)
2020-12-19,2021-01-04,06eb6dda-a918-928f-76cf-6bf370cf2014,06eb6dda-a918-928f-42d1-b2c950b7fd4b,SNOMED-CT,312608009,Laceration - injury (disorder)
2020-12-19,2021-01-04,06eb6dda-a918-928f-76cf-6bf370cf2014,06eb6dda-a918-928f-42d1-b2c950b7fd4b,SNOMED-CT,283371005,Laceration of forearm (disorder)
2021-08-15,2021-11-21,06eb6dda-a918-928f-76cf-6bf370cf2014,06eb6dda-a918-928f-b00c-c8d7ecc5744a,SNOMED-CT,65363002,Otitis media (disorder)
2022-03-28,,06eb6dda-a918-928f-76cf-6bf370cf2014,06eb6dda-a918-928f-0a8e-a3e01669d337,SNOMED-CT,446096008,Perennial allergic rhinitis (disorder)
2022-04-18,,06eb6dda-a918-928f-76cf-6bf370cf2014,06eb6dda-a918-928f-3a77-d414865fbe0e,SNOMED-CT,233678006,Childhood asthma (disorder)
2022-11-27,2024-10-20,06eb6dda-a918-928f-76cf-6bf370cf2014,06eb6dda-a918-928f-2533-1767c134658a,SNOMED-CT,314529007,Medication review due (situation)
2024-10-27,2024-11-03,06eb6dda-a918-928f-76cf-6bf370cf2014,06eb6dda-a918-928f-3812-a30616d650d1,SNOMED-CT,314529007,Medication review due (situation)
2024-11-10,2024-11-24,06eb6dda-a918-928f-76cf-6bf370cf2014,06eb6dda-a918-928f-1728-d49d5a8d959e,SNOMED-CT,444814009,Viral sinusitis (disorder)
2024-12-08,,06eb6dda-a918-928f-76cf-6bf370cf2014,06eb6dda-a918-928f-b1b4-daa01e8406e5,SNOMED-CT,314529007,Medication review due (situation)
2024-12-15,2024-12-15,06eb6dda-a918-928f-76cf-6bf370cf2014,06eb6dda-a918-928f-251d-81f853a6bd45,SNOMED-CT,18718003,Gingival disease (disorder)
2024-12-15,2024-12-15,06eb6dda-a918-928f-76cf-6bf370cf2014,06eb6dda-a918-928f-251d-81f853a6bd45,SNOMED-CT,109570002,Primary dental caries (disorder)
30/12/2022,2024-01-05,75d6a35c-c2e1-5b9f-e7f8-6a5b05af8fc8,75d6a35c-c2e1-5b9f-a7e5-ef14537eb827,SNOMED-CT,314529007,Medication review due (situation)
