START,STOP,PATIENT,ENCOUNTER,CODE,DESCRIPTION,UDI
1995-01-07T04:53:52Z,,922fb35e-148d-9e82-7e65-bfa05e3b3515,922fb35e-148d-9e82-f3bc-af11977933c7,170615005,Home nebulizer (physical object),(01)88293730130319(11)941217(17)200101(10)268856(21)1452735
2018-02-01T20:36:22Z,2018-02-01T20:36:22Z,922fb35e-148d-9e82-7e65-bfa05e3b3515,922fb35e-148d-9e82-f170-735ad33c5bd5,706298007,Dental x-ray system (physical object),(01)61956577231385(11)180111(17)430126(10)9027754883900656358(21)48935852303
2018-02-01T21:13:35Z,,922fb35e-148d-9e82-7e65-bfa05e3b3515,922fb35e-148d-9e82-f170-735ad33c5bd5,225738002,Operating room (environment),
2024-02-08T20:40:07Z,2024-02-08T20:40:07Z,922fb35e-148d-9e82-7e65-bfa05e3b3515,922fb35e-148d-9e82-605c-28ee57b356a1,706298007,Dental x-ray system (physical object),(01)79635192859165(11)240118(17)490201(10)5767256835271018529(21)1971410272
2020-09-08T21:42:53Z,,6aed9210-c500-4375-b0fc-3374c40b8591,6aed9210-c500-4375-1ea7-678e450a81e9,337414009,Blood glucose meter (physical object),(01)26810609625551(11)200818(17)450902(10)275419583351264161(21)72495500
2024-10-15T23:26:21Z,2024-10-15T23:26:21Z,6aed9210-c500-4375-b0fc-3374c40b8591,6aed9210-c500-4375-f98a-b8fbe6944598,706298007,Dental x-ray system (physical object),(01)47184061314700(11)240924(17)491009(10)8476117(21)3195187124804296
2025-08-26T23:08:11Z,2025-08-26T23:08:11Z,6aed9210-c500-4375-b0fc-3374c40b8591,6aed9210-c500-4375-722a-d4e9e6219624,706298007,Dental x-ray system (physical object),(01)11304595658648(11)250805(17)500820(10)916943929(21)70080741735888080
2025-10-22T00:22:08Z,,6aed9210-c500-4375-b0fc-3374c40b8591,6aed9210-c500-4375-93f0-cd18f397a9bd,225738002,,(01)22384228666974(11)251001(17)501016(10)4219540391719(21)2484110290694
2016-12-27T06:34:20Z,2017-01-13T06:34:20Z,6f45f2e9-a617-570a-8867-dec1260088bb,6f45f2e9-a617-570a-c4c5-0e1385599b49,228869008,Manual wheelchair (physical object),(01)88857447287939(11)161206(17)411221(10)74548(21)580035021377108346
2017-04-27T08:53:01Z,2017-04-27T08:53:01Z,6f45f2e9-a617-570a-8867-dec1260088bb,6f45f2e9-a617-570a-1585-d870e5b8e140,706298007,Dental x-ray system (physical object),(01)70742611675207(11)170406(17)420421(10)4481516(21)6139916666988977
2025-01-13T06:34:20Z,2025-02-18T07:11:28Z,6f45f2e9-a617-570a-8867-dec1260088bb,6f45f2e9-a617-570a-1743-6d0272447c5e,228869008,Manual wheelchair (physical object),(01)10028031054993(11)241223(17)500107(10)17142447(21)3906687854510764
2025-01-13T06:34:20Z,2025-02-18T07:11:28Z,6f45f2e9-a617-570a-8867-dec1260088bb,6f45f2e9-a617-570a-1743-6d0272447c5e,705417005,Wheelchair accessory (physical object),(01)82059841635556(11)241223(17)500107(10)46804488(21)31919265617
1990-08-28T13:49:24Z,,d57841fa-c9e2-a3d1-0e78-09bdbe4eed66,d57841fa-c9e2-a3d1-f7a0-66d51d3f7e39,170615005,Home nebulizer (physical object),(01)90659122993607(11)900807(17)150822(10)565747(21)43302211247
2018-06-24T20:49:24Z,,d57841fa-c9e2-a3d1-0e78-09bdbe4eed66,d57841fa-c9e2-a3d1-0932-bd4d6c7c0257,337414009,Blood glucose meter (physical object),(01)21264685223710(11)180603(17)430618(10)50972719728698213(21)7677
2018-07-08T22:04:36Z,2018-07-08T22:04:36Z,d57841fa-c9e2-a3d1-0e78-09bdbe4eed66,d57841fa-c9e2-a3d1-0c73-49739873e4c2,706298007,Dental x-ray system (physical object),(01)68713179056014(11)180617(17)430702(10)7290(21)80480027059086
2019-07-21T23:00:57Z,2019-07-21T23:00:57Z,d57841fa-c9e2-a3d1-0e78-09bdbe4eed66,d57841fa-c9e2-a3d1-6562-e3878b5e1b95,706298007,Dental x-ray system (physical object),(01)86945177197445(11)190630(17)440714(10)2414923336607470(21)7135
2019-07-21T23:54:03Z,,d57841fa-c9e2-a3d1-0e78-09bdbe4eed66,d57841fa-c9e2-a3d1-6562-e3878b5e1b95,225738002,Operating room (environment),(01)41826943600535(11)190630(17)440714(10)72069566750(21)334023161498419954
2020-07-19T22:48:13Z,2020-07-19T22:48:13Z,d57841fa-c9e2-a3d1-0e78-09bdbe4eed66,d57841fa-c9e2-a3d1-38d7-f250ddb61e3c,706298007,Dental x-ray system (physical object),(01)41964672890875(11)200628(17)450713(10)881393(21)6600662121
2022-10-03T21:57:28Z,2022-10-10T21:57:28Z,d57841fa-c9e2-a3d1-0e78-09bdbe4eed66,d57841fa-c9e2-a3d1-ad13-d4a3d4af1365,228869008,Manual wheelchair (physical object),(01)47068761708509(11)220912(17)470927(10)89753(21)584092169103
2025-08-17T22:21:47Z,2025-08-17T22:21:47Z,d57841fa-c9e2-a3d1-0e78-09bdbe4eed66,d57841fa-c9e2-a3d1-f568-7eea0eeb9822,706298007,,(01)15608862776424(11)250727(17)500811(10)44549668003(21)11003931745
2025-08-17T22:52:30Z,,d57841fa-c9e2-a3d1-0e78-09bdbe4eed66,d57841fa-c9e2-a3d1-f568-7eea0eeb9822,225738002,Operating room (environment),(01)83760386700380(11)250727(17)500811(10)1509565753932(21)75743
2016-12-02T16:33:18Z,2016-12-02T16:33:18Z,75d6a35c-c2e1-5b9f-e7f8-6a5b05af8fc8,75d6a35c-c2e1-5b9f-e051-36e8174db4a5,706298007,Dental x-ray system (physical object),(01)56476078231774(11)161111(17)411126(10)259196630(21)214622252511634459
2021-12-31T16:59:46Z,2021-12-31T16:59:46Z,75d6a35c-c2e1-5b9f-e7f8-6a5b05af8fc8,75d6a35c-c2e1-5b9f-79b4-82950c80a3ca,706298007,Dental x-ray system (physical object),(01)82328125931225(11)211210(17)461225(10)62452022843945(21)296484239869
2026-01-30T17:19:06Z,2026-01-30T17:19:06Z,75d6a35c-c2e1-5b9f-e7f8-6a5b05af8fc8,75d6a35c-c2e1-5b9f-7911-8620f563eae3,706298007,Dental x-ray system (physical object),(01)23694281428887(11)260109(17)510124(10)5139144214(21)4584520935809094
2026-01-30T18:14:13Z,,75d6a35c-c2e1-5b9f-e7f8-6a5b05af8fc8,75d6a35c-c2e1-5b9f-7911-8620f563eae3,225738002,Operating room (environment),(01)91509398874056(11)260109(17)510124(10)85322(21)78746880592764
2017-10-06T06:33:59Z,2017-10-06T06:33:59Z,3236b1f8-2bc1-3e38-c539-a29407c6a206,3236b1f8-2bc1-3e38-2cb0-529751754ced,706298007,Dental x-ray system (physical object),(01)38996750899232(11)170915(17)420930(10)8580778664272648(21)84129698
2018-10-12T06:23:59Z,2018-10-12T06:23:59Z,3236b1f8-2bc1-3e38-c539-a29407c6a206,3236b1f8-2bc1-3e38-ba6e-10feb79bb5e9,706298007,Dental x-ray system (physical object),(01)22043209909746(11)180921(17)431006(10)430066595(21)309563388
2019-10-18T07:12:01Z,2019-10-18T07:12:01Z,3236b1f8-2bc1-3e38-c539-a29407c6a206,3236b1f8-2bc1-3e38-6269-ec7669456155,706298007,Dental x-ray system (physical object),(01)24114559149304(11)190927(17)441011(10)9737(21)89822835
2022-11-04T07:16:15Z,2022-11-04T07:16:15Z,3236b1f8-2bc1-3e38-c539-a29407c6a206,3236b1f8-2bc1-3e38-b9ef-910d571bb623,706298007,Dental x-ray system (physical object),(01)27231984105192(11)221014(17)471029(10)464779313(21)65536471
2023-11-10T06:08:46Z,2023-11-10T06:08:46Z,3236b1f8-2bc1-3e38-c539-a29407c6a206,3236b1f8-2bc1-3e38-98a1-98d6f988ad5b,706298007,Dental x-ray system (physical object),(01)55916937051313(11)231020(17)481103(10)55689(21)38881
2001-11-11T05:37:05Z,,a296a2ba-b1ad-a3c5-d172-aa3dfdbcdab9,a296a2ba-b1ad-a3c5-3f73-6a9c53497dbf,170615005,Home nebulizer (physical object),(01)79554406515043(11)011021(17)261105(10)96197203868498(21)3926017326
2005-05-23T00:05:40Z,,a296a2ba-b1ad-a3c5-d172-aa3dfdbcdab9,a296a2ba-b1ad-a3c5-0fc7-e5926e81cc4b,706298007,Dental x-ray system (physical object),(01)70824903511149(11)050502(17)300517(10)89524356781(21)774975045344999
2009-05-10T23:37:05Z,,a296a2ba-b1ad-a3c5-d172-aa3dfdbcdab9,a296a2ba-b1ad-a3c5-9391-a2b3c5e53150,337414009,Blood glucose meter (physical object),(01)67141966053676(11)090419(17)340504(10)59471787957331(21)2087773835826951
2018-11-12T01:31:22Z,2018-11-12T01:31:22Z,a296a2ba-b1ad-a3c5-d172-aa3dfdbcdab9,a296a2ba-b1ad-a3c5-ad60-a0564eca413b,706298007,Dental x-ray system (physical object),(01)30013734385676(11)181022(17)431106(10)726186010202(21)8099951919
2021-07-06T06:50:59Z,,a296a2ba-b1ad-a3c5-d172-aa3dfdbcdab9,a296a2ba-b1ad-a3c5-90f0-c0eecdea6093,706298007,Dental x-ray system (physical object),(01)19350004150003(11)210615(17)460630(10)519113(21)45770
2021-07-27T07:33:44Z,,a296a2ba-b1ad-a3c5-d172-aa3dfdbcdab9,a296a2ba-b1ad-a3c5-1735-a456d7397d0a,8060009,Denture  device (physical object),(01)21088108577258(11)210706(17)460721(10)471355964115705808(21)498031875236
2018-03-18T21:47:21Z,,ce8f0d5d-2f0f-0c66-6a64-518b1e209f13,ce8f0d5d-2f0f-0c66-193a-c74c83c24b4f,337414009,Blood glucose meter (physical object),(01)84385680385097(11)180225(17)430312(10)440016(21)86818108692790872
2018-04-08T23:35:22Z,2018-04-08T23:35:22Z,ce8f0d5d-2f0f-0c66-6a64-518b1e209f13,ce8f0d5d-2f0f-0c66-f07c-a382bec2ed5d,706298007,Dental x-ray system (physical object),(01)86849845998533(11)180318(17)430402(10)1505(21)616565430
2022-04-10T23:33:05Z,2022-04-10T23:33:05Z,ce8f0d5d-2f0f-0c66-6a64-518b1e209f13,ce8f0d5d-2f0f-0c66-aa75-12a045cdaca6,706298007,Dental x-rvy system (physical object),(01)79169400931776(11)220320(17)470404(10)49114406057(21)5035098
2022-04-11T00:16:38Z,,ce8f0d5d-2f0f-0c66-6a64-518b1e209f13,ce8f0d5d-2f0f-0c66-aa75-12a045cdaca6,225738002,Operating room (environment),(01)49524830696641(11)220321(17)470405(10)887791733784764026(21)825854772
2021-05-30T04:20:30Z,2021-05-30T04:20:30Z,06eb6dda-a918-928f-76cf-6bf370cf2014,06eb6dda-a918-928f-167b-24d2cb1d3507,706298007,Dental x-ray system (physical object),(01)52243473346277(11)210509(17)460524(10)49025311967270(21)2353122
2024-12-15T04:25:46Z,2024-12-15T04:25:46Z,06eb6dda-a918-928f-76cf-6bf370cf2014,06eb6dda-a918-928f-251d-81f853a6bd45,706298007,Dental x-ray system (physical object),(01)80839987906715(11)241124(17)491209(10)627516(21)55671779
2024-12-15T05:23:40Z,,06eb6dda-a918-928f-76cf-6bf370cf2014,06eb6dda-a918-928f-251d-81f853a6bd45,225738002,Operating room (environment),(01)67328054308183(11)241124(17)491209(10)336684105768531463(21)7042752170150053941
2025-12-21T03:44:17Z,2025-12-21T03:44:17Z,06eb6dda-a918-928f-76cf-6bf370cf2014,06eb6dda-a918-928f-b9ac-c8ae1cd4f27d,706298007,Dental x-ray system (physical object),(01)72373511913309(11)251130(17)501215(10)1335832615978861055(21)265056882
