Id,NAME,ADDRESS,CITY,STATE,ZIP,LAT,LON,PHONE,REVENUE,UTILIZATION
4795614b-6e42-3618-b99b-970d3f70b7a3,HILLSIDE URGENT CARE PLLC,16403 HILLSIDE AVE,JAMAICA,NY,114324140,40.7092969,-73.7972418,7185548072,0.0,1
7edd5482-7e46-3757-82de-52ad028f7dca,LONG ISLAND JEWISH MEDICAL CENTER,900 FRANKLIN AVE,VALLEY STREAM,NY,115802145,40.6815493,-73.68645927443026,5162566600,0.0,16
d3d5e55e-a9f8-35dd-9477-ca6454202cf0,GEORGE B HUGHES MD FAMILY MEDICINE PLLC,333 KINGSLEY RD,BURNT HILLS,NY,120279509,42.9122246,-73.89596824172146,5183700094,0.0,22
b2b940c3-17f1-305c-9b52-6a35d1487360,LAWRENCE HOME CARE OF WESTCHESTER,670 WHITE PLAINS ROAD   SUITE 213,SCARSDALE,NY,105835024,40.964521,-73.748235,9147876158,0.0,3
c3fdf07c-4ba2-301b-8291-7e279679c67c,ACACIA FAMILY HEALTH NP PLLC,702 DAVISON RD,LOCKPORT,NY,140945371,43.158296,-78.66513724754903,7165149355,0.0,34
4e3f3116-aaa0-3281-a19e-32560a8119d2,SEMAJ HEALTH AND WELLNESS LLC,120 LAVAN ST STE 1,HARRISON,NY,105281613,40.9689871,-73.71263,4018086421,0.0,40
6e837e35-27b2-36cd-942f-fdc14be9589d,ELLIS HOSPITAL,1101 NOTT ST,SCHENECTADY,NY,123082425,42.820213249999995,-73.91646093090648,5182431916,0.0,13
91ce0760-d028-3e0f-ab22-17cc23334533,ABSOLUT CTR FOR NURSING & REHAB GASPORT L L C,4540 LINCOLN DRIVE,GASPORT,NY,140679212,43.19336745,-78.57399925020313,7167722631,0.0,7
93ef44de-01f9-3805-a0b9-96f1cfa60029,WYCKOFF HEIGHTS MEDICAL CENTER,374S TOCKHOLM STREET,BROOKLYN,NY,112374512,40.704144150000005,-73.91770759237289,7189637272,0.0,443
4795614b-6e42-3618-b99b-970d3f70b7a3,BUSHWICK CENTER FOR REHABILITATION AND HEALTH CARE,50 SHEFFIELD AVENUE,BROOKLYN,NY,112072420,40.6764064,-73.89831838439326,7183452273,0.0,3
fe61f80c-951c-3dfb-8704-ae1da96fef2e,JILL P. ALTMAN  M.D.  P.C.,16 GUION PL,NEW ROCHELLE,NY,108015502,40.913143649999995,-73.78805933427125,9146371197,0.0,31
767abec6-ce06-3b98-a9de-3a3dbb1c06d3,MONTEFIORE NEW ROCHELLE HOSPITAL,16 GUION PLACE,NEW ROCHELLE,NY,108015502,40.913143649999995,-73.78805933427125,9146325000,0.0,1
c96d6792-27a3-3ef4-83f2-bb68e71023df,EASTERN NIAGARA HOSPITAL - LOCKPORT DIVISION,521 EAST AVE,LOCKPORT,NY,140946340,43.17766005,-78.67141650070491,7165145501,0.0,142
b8b7bf8b-b60f-3b07-8117-b4b17363e4ca,NEW YORK EYE & EAR INFIRMARY,310 EAST 14TH STREET,NEW YORK,NY,100105615,40.7318799,-73.9845807,2129794000,0.0,12
e64207ba-0d19-3a1f-b4bd-e5571b831dd3,HEWLETT URGENT CARE PLLC,1220 PENINSULA BLVD,HEWLETT,NY,115571224,40.6431576,-73.7064256,5168584410,0.0,19
e665d75e-e01d-3b5f-943e-a6347280086d,MEMORIAL HOSPITAL FOR CANCER AND ALLIED DISEASES,1275 YORK AVE,WEST HARRISON,NY,106043200,41.04306735,-73.74790193583388,2126392000,0.0,72
775fd387-94cb-3058-adc1-871f8aef9045,COMPLETE MEDICAL HEALTHCARE  PC,281 WHITE PLAINS RD,EASTCHESTER,NY,107094407,40.948995,-73.818371,7193675900,0.0,22
00729029-3fb5-32ff-b7b4-cf511379c64a,GLENDALE FAMILY MEDICINE PC,7801 MYRTLE AVE,GLENDALE,NY,113857439,40.702001,-73.880077,7183868300,0.0,34
ffe115f0-752c-3724-b986-57f9df18078a,BETH ISRAEL MEDICAL CENTER,9 NATHAN D PERLMAN PL,NEW YORK,NY,100033851,40.733434760416664,-73.98298360416666,2124204714,0.0,8
30721694-3390-3f48-a696-946a05b94968,MONTEFIORE MEDICAL CENTER,111 E 210TH ST,NEW YORK,NY,100351621,40.8800853,-73.8798439,7189204321,0.0,202
74186f3f-523b-3157-a8c6-6e104d106cb5,SUTTON PARK CENTER FOR NURSING & REHABILITATION LLC,31 LOCKWOOD AVE,NEW ROCHELLE,NY,108015023,40.91466255,-73.7861729,9145760600,0.0,1
07649fd1-c4de-3075-9308-be02b756f191,SOUTHERN WESTCHESTER URGENT CARE,1915-25 CENTRAL PARK AVE,YONKERS,NY,107102949,40.9640175,-73.8395975,9147932273,0.0,1
e178d6bb-518a-3487-acef-8019207de6f5,LONG ISLAND JEWISH MEDICAL CENTER,900 FRANKLIN AVE,VALLEY STREAM,NY,115802145,40.6815493,-73.68645927443026,5162566000,0.0,269
c958be17-14d8-3fc0-995a-9b952974be91,WHITE PLAINS HOSPITAL MEDICAL CENTER,170 MAPLE AVE,WHITE PLAINS,NY,106052523,41.025080200000005,-73.7695823453843,9149481000,0.0,43
4e154441-6b56-369c-8001-c6aa0499a3af,NORTHEAST URGENT CARE MEDICAL ASSOCIATES PLLC,1030 W BOSTON POST RD,WHITE PLAINS,NY,106071465,41.0339862,-73.7629097,9147772273,0.0,4
9e0f2068-568b-3fff-8903-bea515c3218d,NORTH GATE HEALTH CARE FACILITY LLC,7264 NASH RD,NORTH TONAWANDA,NY,141201508,43.0748485,-78.86713341424085,7166947700,0.0,52
d503ca3a-4000-3a9c-b21c-ed80a23da354,MOSHOLU PARKWAY NURSING & REHABILITATION CENTER,3356 PERRY AVENUE,BRONX,NY,104673204,40.87855165,-73.8742818661442,7186553568,0.0,5
dc600fd8-ab8a-3b44-aeb0-d36fad382e69,ADULT HEALTHCARE NP PLLC,405 RXR PLZ,MALVERNE,NY,115651223,40.6789916,-73.6740191,(516) 478-9360,0.0,17
ce6d79ed-6c4d-3ddd-aedb-c73f90d491b6,WARTBURG HOME CARE,1 WARTBURG PLACE  HAUSELT BUILDING  1ST FLOOR,MOUNT VERNON,NY,105523821,40.9195222,-73.8129933,9145135860,0.0,3
1bb4104c-d97b-331a-833f-e7294f43cc9d,ELLIS HOSPITAL,1101 NOTT ST,SCHENECTADY,NY,123082425,42.820213249999995,-73.91646093090648,5182434000,0.0,6
581a8572-6b21-32e1-84bb-7d82fc6c047c,MORRIS HEIGHTS HEALTH CENTER  INC.,825 E 233RD ST,BRONX,NY,104663203,40.8923419,-73.8535295,7187164400,0.0,79
99204b0a-62e2-34dc-b3f6-290819949428,WHITE PLAINS HOSPITAL MEDICAL CENTER,41 E POST RD,WHITE PLAINS,NY,106052523,41.025814,-73.76931900105475,9146810600,0.0,110
c452dcb0-3f7d-3783-8c2b-d77c71f9140f,NIAGARA FALLS MEMORIAL MEDICAL CENTER,621 10TH ST,NORTH TONAWANDA,NY,141202840,43.0407742,-78.8660527,7162784000,0.0,193
c04a796d-bc42-3364-891e-c1209f001537,NORTH SHORE - L I J ORZAC CTR FOR REHABILITATION,900 FRANKLIN AVENUE,VALLEY STREAM,NY,115802145,40.6815493,-73.68645927443026,5162566700,0.0,27
