Id,BIRTHDATE,DEATHDATE,SSN,DRIVERS,PASSPORT,PREFIX,FIRST,MIDDLE,LAST,SUFFIX,MAIDEN,MARITAL,RACE,ETHNICITY,GENDER,BIRTHPLACE,ADDRESS,CITY,STATE,COUNTY,FIPS,ZIP,LAT,LON,HEALTHCARE_EXPENSES,HEALTHCARE_COVERAGE,INCOME
06eb6dda-a918-928f-76cf-6bf370cf2014,2017-12-17,,999-92-3855,,,,Kenneth671,Vincent299,Ritchie586,,,,white,nonhispanic,M,Bohemia  New York  US,343 Wisozk Hollow,,New York,Nassau County,36059,11580,40.681242539925144,-73.68379458254418,17654.15,43900.32,97576
23c94034-f050-04d5-c5a3-2d42bf3ccc7f,2024-11-03,,999-76-8806,,,,Talitha643 ,,Bergnaum523,,,,white,hispanic,F,New York  New York  US,800 Schmitt Boulevard Apt 23,New York,New York,Queens County,36081,11365,40.73473181195031,-73.9806226346621,5785.57,0.00,182688
3236b1f8-2bc1-3e38-c539-a29407c6a206,2004-08-27,,999-15-6186,S99953167,X3622134X,Ms.,Krysta658,Leah288,Barrows492,,,,black,nonhispanic,F,New York  New York  US,996 Ankunding Approach Apt 1,,New York,Kings County,36005,10467,40.884124634989114,-73.85477557358904,32850.10,1258244.21,93722
6aed9210-c500-4375-b0fc-3374c40b8591,1985-05-21,,999-77-1968,S99960033,X80125813X,Mr.,Lyman173,,Runte676,,,S,,nonhispanic,M,Syracuse  New York  US,784 Strosin Hollow,Harrison,New York,Westchester County,36119,10580,40.99674011735439,-73.7651015997641,165297.91,903708.42,730041
6f45f2e9-a617-570a-8867-dec1260088bb,2013-05-16,,999-43-6844,,,,Carey440,Theo630,Mraz590,,,,white,nonhispanic,M,New York  New York  US,343 Feeney Terrace,Pelham,New York,Westchester County,36119,10803,40.949092551278916,-73.79318136593356,43648.42,160835.56,749896
75d6a35c-c2e1-5b9f-e7f8-6a5b05af8fc8,2012-12-21,,999-44-7679,,,,Hiram237,Abraham100,Batz141,,,,white,nonhispanic,M,New York  New York  US,433 DuBuque Estate,Ballston Spa,New York,Saratoga County,36091,12020,42.958626249871095,-73.91148033782434,23441.31,44052.93,37790
922fb35e-148d-9e82-7e65-bfa05e3b3515,1986-11-06,,999-74-7973,S99972124,X52075463X,Mrs.,Agnes294,Laree109,Mills423,,Muller251,M,white,nonhispanic,F,New York  New York  US,324 Reinger Highlands Apt 29,Lockport,New York,Niagara County,36063,14094,43.12923605437984,-78.66393136642954,323453.86,709477.81,149894
a296a2ba-b1ad-a3c5-d172-aa3dfdbcdab9,1987-03-08,,999-31-8127,S99939062,X53802602X,Ms.,Ana972,Ana Luisa894,Agosto501,,,S,black,nonhispanic,F,San Jose  San Jose  CR,724 Nolan Camp Unit 48,New York,New York,Queens County,36081,11692,40.68932474227868,-73.88057238727558,14478.74,458822.21,17562
ce8f0d5d-2f0f-0c66-6a64-518b1e209f13,1976-03-07,,999-21-6189,S99948350,X43711146X,Mr.,Johnie961,Tyson541,Grant908,,,M,white,hispanic,M,South Lockport  New York  US,1040 Champlin Union,Harrison,New York,Westchester County,36119,10580,40.968357223326514,-73.68290935182216,76714.23,110619.71,776519
d57841fa-c9e2-a3d1-0e78-09bdbe4eed66,1965-06-06,,999-78-2116,S99990574,X36674944X,Mrs.,Jessica140,Susannah249,Huels583,,McKenzie376,M,white,nonhispanic,F,New York  New York  US,891 Mraz Bridge Apt 79,Wheatfield,New York,Niagara County,,00000,43.06813739245121,-78.86423684295741,430684.12,1522208.29,145475
