PATIENT,MEMBERID,START_DATE,END_DATE,PAYER,SECONDARY_PAYER,PLAN_OWNERSHIP,OWNER_NAME
922fb35e-148d-9e82-7e65-bfa05e3b3515,922fb35e-148d-9e82-971e-7d542c06f4bd,1986-11-06T18:53:52Z,1987-11-12T18:53:52Z,26aab0cd-6aba-3e1b-ac5b-05c8867e762c,,Guardian,Randall756 Muller251
922fb35e-148d-9e82-7e65-bfa05e3b3515,922fb35e-148d-9e82-971e-7d542c06f4bd,1987-11-12T18:53:52Z,1988-11-10T18:53:52Z,26aab0cd-6aba-3e1b-ac5b-05c8867e762c,,Guardian,Randall756 Muller251
922fb35e-148d-9e82-7e65-bfa05e3b3515,922fb35e-148d-9e82-971e-7d542c06f4bd,1988-11-10T18:53:52Z,1989-11-09T18:53:52Z,26aab0cd-6aba-3e1b-ac5b-05c8867e762c,,Guardian,Randall756 Muller251
922fb35e-148d-9e82-7e65-bfa05e3b3515,922fb35e-148d-9e82-971e-7d542c06f4bd,1989-11-09T18:53:52Z,1990-11-08T18:53:52Z,26aab0cd-6aba-3e1b-ac5b-05c8867e762c,,Guardian,Randall756 Muller251
922fb35e-148d-9e82-7e65-bfa05e3b3515,922fb35e-148d-9e82-971e-7d542c06f4bd,1990-11-08T18:53:52Z,1991-11-07T18:53:52Z,26aab0cd-6aba-3e1b-ac5b-05c8867e762c,,Guardian,Randall756 Muller251
922fb35e-148d-9e82-7e65-bfa05e3b3515,922fb35e-148d-9e82-971e-7d542c06f4bd,1991-11-07T18:53:52Z,1992-11-12T18:53:52Z,26aab0cd-6aba-3e1b-ac5b-05c8867e762c,,Guardian,Randall756 Muller251
922fb35e-148d-9e82-7e65-bfa05e3b3515,922fb35e-148d-9e82-971e-7d542c06f4bd,1992-11-12T18:53:52Z,1993-11-11T18:53:52Z,26aab0cd-6aba-3e1b-ac5b-05c8867e762c,,Guardian,
922fb35e-148d-9e82-7e65-bfa05e3b3515,922fb35e-148d-9e82-971e-7d542c06f4bd,1993-11-11T18:53:52Z,1994-11-10T18:53:52Z,26aab0cd-6aba-3e1b-ac5b-05c8867e762c,,Guardian,Randall756 Muller251
922fb35e-148d-9e82-7e65-bfa05e3b3515,922fb35e-148d-9e82-971e-7d542c06f4bd,1994-11-10T18:53:52Z,1995-11-09T18:53:52Z,26aab0cd-6aba-3e1b-ac5b-05c8867e762c,,Guardian,Randall756 Muller251
922fb35e-148d-9e82-7e65-bfa05e3b3515,922fb35e-148d-9e82-971e-7d542c06f4bd,1995-11-09T18:53:52Z,1996-11-07T18:53:52Z,26aab0cd-6aba-3e1b-ac5b-05c8867e762c,,Guardian,Randall756 Muller251
922fb35e-148d-9e82-7e65-bfa05e3b3515,922fb35e-148d-9e82-971e-7d542c06f4bd,1996-11-07T18:53:52Z,1997-11-06T18:53:52Z,26aab0cd-6aba-3e1b-ac5b-05c8867e762c,,Guardian,Randall756 Muller251
922fb35e-148d-9e82-7e65-bfa05e3b3515,922fb35e-148d-9e82-971e-7d542c06f4bd,1997-11-06T18:53:52Z,1998-11-12T18:53:52Z,26aab0cd-6aba-3e1b-ac5b-05c8867e762c,,Guardian,Randall756 Muller251
922fb35e-148d-9e82-7e65-bfa05e3b3515,922fb35e-148d-9e82-971e-7d542c06f4bd,1998-11-12T18:53:52Z,1999-11-11T18:53:52Z,26aab0cd-6aba-3e1b-ac5b-05c8867e762c,,Guardian,Randall756 Muller251
922fb35e-148d-9e82-7e65-bfa05e3b3515,922fb35e-148d-9e82-971e-7d542c06f4bd,1999-11-11T18:53:52Z,2000-11-09T18:53:52Z,26aab0cd-6aba-3e1b-ac5b-05c8867e762c,,Guardian,Randall756 Muller251
922fb35e-148d-9e82-7e65-bfa05e3b3515,922fb35e-148d-9e82-971e-7d542c06f4bd,2000-11-09T18:53:52Z,2001-11-08T18:53:52Z,26aab0cd-6aba-3e1b-ac5b-05c8867e762c,,Guardian,Randall756 Muller251
922fb35e-148d-9e82-7e65-bfa05e3b3515,922fb35e-148d-9e82-971e-7d542c06f4bd,2001-11-08T18:53:52Z,2002-11-07T18:53:52Z,26aab0cd-6aba-3e1b-ac5b-05c8867e762c,,Guardian,Randall756 Muller251
922fb35e-148d-9e82-7e65-bfa05e3b3515,922fb35e-148d-9e82-971e-7d542c06f4bd,2002-11-07T18:53:52Z,2003-11-06T18:53:52Z,26aab0cd-6aba-3e1b-ac5b-05c8867e762c,,Guardian,Randall756 Muller251
922fb35e-148d-9e82-7e65-bfa05e3b3515,922fb35e-148d-9e82-971e-7d542c06f4bd,2003-11-06T18:53:52Z,2004-11-11T18:53:52Z,26aab0cd-6aba-3e1b-ac5b-05c8867e762c,,Guardian,Randall756 Muller251
922fb35e-148d-9e82-7e65-bfa05e3b3515,922fb35e-148d-9e82-971e-7d542c06f4bd,2004-11-11T18:53:52Z,2005-11-10T18:53:52Z,26aab0cd-6aba-3e1b-ac5b-05c8867e762c,,Guardian,Randall756 Muller251
922fb35e-148d-9e82-7e65-bfa05e3b3515,922fb35e-148d-9e82-5a30-14746e308a3e,2005-11-10T18:53:52Z,2006-11-09T18:53:52Z,26aab0cd-6aba-3e1b-ac5b-05c8867e762c,,Self,Agnes294 Muller251
922fb35e-148d-9e82-7e65-bfa05e3b3515,922fb35e-148d-9e82-752a-410039965460,2006-11-09T18:53:52Z,2007-11-08T18:53:52Z,26aab0cd-6aba-3e1b-ac5b-05c8867e762c,,Self,Agnes294 Muller251
922fb35e-148d-9e82-7e65-bfa05e3b3515,922fb35e-148d-9e82-3c1a-d473c8ad6aee,2007-11-08T18:53:52Z,2008-11-06T18:53:52Z,26aab0cd-6aba-3e1b-ac5b-05c8867e762c,,Self,Agnes294 Muller251
922fb35e-148d-9e82-7e65-bfa05e3b3515,922fb35e-148d-9e82-d2d4-a2e5e35f3b7c,2008-11-06T18:53:52Z,2009-11-12T18:53:52Z,26aab0cd-6aba-3e1b-ac5b-05c8867e762c,,Self,Agnes294 Muller251
922fb35e-148d-9e82-7e65-bfa05e3b3515,922fb35e-148d-9e82-238e-7f82890004dc,2009-11-12T18:53:52Z,2010-11-11T18:53:52Z,26aab0cd-6aba-3e1b-ac5b-05c8867e762c,,Self,Agnes294 Muller251
922fb35e-148d-9e82-7e65-bfa05e3b3515,922fb35e-148d-9e82-8b65-5c1d3f78968a,2010-11-11T18:53:52Z,2011-11-10T18:53:52Z,26aab0cd-6aba-3e1b-ac5b-05c8867e762c,,Self,Agnes294 Muller251
922fb35e-148d-9e82-7e65-bfa05e3b3515,922fb35e-148d-9e82-c624-5e8677e865db,2011-11-10T18:53:52Z,2012-11-08T18:53:52Z,26aab0cd-6aba-3e1b-ac5b-05c8867e762c,,Self,Agnes294 Muller251
922fb35e-148d-9e82-7e65-bfa05e3b3515,922fb35e-148d-9e82-2c26-ce1a82a34ade,2012-11-08T18:53:52Z,2013-11-07T18:53:52Z,26aab0cd-6aba-3e1b-ac5b-05c8867e762c,,Self,Agnes294 Muller251
922fb35e-148d-9e82-7e65-bfa05e3b3515,922fb35e-148d-9e82-9ad2-01c8873faa35,2013-11-07T18:53:52Z,2014-11-06T18:53:52Z,26aab0cd-6aba-3e1b-ac5b-05c8867e762c,,Self,Agnes294 Muller251
922fb35e-148d-9e82-7e65-bfa05e3b3515,922fb35e-148d-9e82-1287-77da4bcfb421,2014-11-06T18:53:52Z,2015-11-12T18:53:52Z,26aab0cd-6aba-3e1b-ac5b-05c8867e762c,,Self,Agnes294 Muller251
922fb35e-148d-9e82-7e65-bfa05e3b3515,922fb35e-148d-9e82-fe27-88a595cd39a2,2015-11-12T18:53:52Z,2016-11-10T18:53:52Z,26aab0cd-6aba-3e1b-ac5b-05c8867e762c,,Spouse,Mr. Mills423
922fb35e-148d-9e82-7e65-bfa05e3b3515,922fb35e-148d-9e82-fd75-e94a685bd94a,2016-11-10T18:53:52Z,2017-11-09T18:53:52Z,26aab0cd-6aba-3e1b-ac5b-05c8867e762c,,Self,Agnes294 Laree109 Mills423
922fb35e-148d-9e82-7e65-bfa05e3b3515,922fb35e-148d-9e82-870c-717be2820122,2017-11-09T18:53:52Z,2018-11-08T18:53:52Z,26aab0cd-6aba-3e1b-ac5b-05c8867e762c,,Self,Agnes294 Laree109 Mills423
922fb35e-148d-9e82-7e65-bfa05e3b3515,922fb35e-148d-9e82-3b27-f3857bb7320b,2018-11-08T18:53:52Z,2019-11-07T18:53:52Z,26aab0cd-6aba-3e1b-ac5b-05c8867e762c,,Spouse,Mr. Mills423
922fb35e-148d-9e82-7e65-bfa05e3b3515,922fb35e-148d-9e82-9e19-56176e170638,2019-11-07T18:53:52Z,2020-11-12T18:53:52Z,26aab0cd-6aba-3e1b-ac5b-05c8867e762c,,Self,Agnes294 Laree109 Mills423
922fb35e-148d-9e82-7e65-bfa05e3b3515,922fb35e-148d-9e82-7e68-9d8960929f5e,2020-11-12T18:53:52Z,2021-11-11T18:53:52Z,26aab0cd-6aba-3e1b-ac5b-05c8867e762c,,Self,Agnes294 Laree109 Mills423
922fb35e-148d-9e82-7e65-bfa05e3b3515,922fb35e-148d-9e82-4151-d2c4f4294e34,2021-11-11T18:53:52Z,2022-11-10T18:53:52Z,26aab0cd-6aba-3e1b-ac5b-05c8867e762c,,Spouse,Mr. Mills423
922fb35e-148d-9e82-7e65-bfa05e3b3515,922fb35e-148d-9e82-ddf6-2ce40891d73d,2022-11-10T18:53:52Z,2023-11-09T18:53:52Z,26aab0cd-6aba-3e1b-ac5b-05c8867e762c,,Self,Agnes294 Laree109 Mills423
922fb35e-148d-9e82-7e65-bfa05e3b3515,922fb35e-148d-9e82-2603-7fd9dad9d654,2023-11-09T18:53:52Z,2024-11-07T18:53:52Z,26aab0cd-6aba-3e1b-ac5b-05c8867e762c,,Spouse,Mr. Mills423
922fb35e-148d-9e82-7e65-bfa05e3b3515,922fb35e-148d-9e82-5719-5d72a4bbf735,2024-11-07T18:53:52Z,2025-11-06T18:53:52Z,26aab0cd-6aba-3e1b-ac5b-05c8867e762c,,Self,Agnes294 Laree109 Mills423
922fb35e-148d-9e82-7e65-bfa05e3b3515,922fb35e-148d-9e82-8be3-90ed17a02a58,2025-11-06T18:53:52Z,2026-11-06T18:53:52Z,26aab0cd-6aba-3e1b-ac5b-05c8867e762c,,Spouse,Mr. Mills423
6aed9210-c500-4375-b0fc-3374c40b8591,6aed9210-c500-4375-c5ad-3c844dcaa784,1985-05-21T21:42:53Z,1986-05-27T21:42:53Z,b046940f-1664-3047-bca7-dfa76be352a4,,Guardian,Azucena377 Leffler128
6aed9210-c500-4375-b0fc-3374c40b8591,6aed9210-c500-4375-c5ad-3c844dcaa784,1986-05-27T21:42:53Z,1987-05-26T21:42:53Z,b046940f-1664-3047-bca7-dfa76be352a4,,Guardian,Azucena377 Leffler128
6aed9210-c500-4375-b0fc-3374c40b8591,6aed9210-c500-4375-c5ad-3c844dcaa784,1987-05-26T21:42:53Z,1988-05-24T21:42:53Z,b046940f-1664-3047-bca7-dfa76be352a4,,Guardian,Azucena377 Leffler128
6aed9210-c500-4375-b0fc-3374c40b8591,6aed9210-c500-4375-c5ad-3c844dcaa784,1988-05-24T21:42:53Z,1989-05-23T21:42:53Z,b046940f-1664-3047-bca7-dfa76be352a4,,Guardian,Azucena377 Leffler128
6aed9210-c500-4375-b0fc-3374c40b8591,6aed9210-c500-4375-c5ad-3c844dcaa784,1989-05-23T21:42:53Z,1990-05-22T21:42:53Z,b046940f-1664-3047-bca7-dfa76be352a4,,Guardian,Azucena377 Leffler128
6aed9210-c500-4375-b0fc-3374c40b8591,6aed9210-c500-4375-c5ad-3c844dcaa784,1990-05-22T21:42:53Z,1991-05-21T21:42:53Z,b046940f-1664-3047-bca7-dfa76be352a4,,Guardian,Azucena377 Leffler128
6aed9210-c500-4375-b0fc-3374c40b8591,6aed9210-c500-4375-c5ad-3c844dcaa784,1991-05-21T21:42:53Z,1992-05-26T21:42:53Z,b046940f-1664-3047-bca7-dfa76be352a4,,Guardian,Azucena377 Leffler128
6aed9210-c500-4375-b0fc-3374c40b8591,6aed9210-c500-4375-c5ad-3c844dcaa784,1992-05-26T21:42:53Z,1993-05-25T21:42:53Z,b046940f-1664-3047-bca7-dfa76be352a4,,Guardian,Azucena377 Leffler128
6aed9210-c500-4375-b0fc-3374c40b8591,6aed9210-c500-4375-c5ad-3c844dcaa784,1993-05-25T21:42:53Z,1994-05-24T21:42:53Z,b046940f-1664-3047-bca7-dfa76be352a4,,Guardian,Azucena377 Leffler128
6aed9210-c500-4375-b0fc-3374c40b8591,6aed9210-c500-4375-c5ad-3c844dcaa784,1994-05-24T21:42:53Z,1995-05-23T21:42:53Z,b046940f-1664-3047-bca7-dfa76be352a4,,Guardian,Azucena377 Leffler128
6aed9210-c500-4375-b0fc-3374c40b8591,6aed9210-c500-4375-c5ad-3c844dcaa784,1995-05-23T21:42:53Z,1996-05-21T21:42:53Z,b046940f-1664-3047-bca7-dfa76be352a4,,Guardian,Azucena377 Leffler128
6aed9210-c500-4375-b0fc-3374c40b8591,6aed9210-c500-4375-c5ad-3c844dcaa784,1996-05-21T21:42:53Z,1997-05-27T21:42:53Z,b046940f-1664-3047-bca7-dfa76be352a4,,Guardian,Azucena377 Leffler128
6aed9210-c500-4375-b0fc-3374c40b8591,6aed9210-c500-4375-c5ad-3c844dcaa784,1997-05-27T21:42:53Z,1998-05-26T21:42:53Z,b046940f-1664-3047-bca7-dfa76be352a4,,Guardian,Azucena377 Leffler128
6aed9210-c500-4375-b0fc-3374c40b8591,6aed9210-c500-4375-c5ad-3c844dcaa784,1998-05-26T21:42:53Z,1999-05-25T21:42:53Z,b046940f-1664-3047-bca7-dfa76be352a4,,Guardian,Azucena377 Leffler128
6aed9210-c500-4375-b0fc-3374c40b8591,6aed9210-c500-4375-c5ad-3c844dcaa784,1999-05-25T21:42:53Z,2000-05-23T21:42:53Z,b046940f-1664-3047-bca7-dfa76be352a4,,Guardian,Azucena377 Leffler128
6aed9210-c500-4375-b0fc-3374c40b8591,6aed9210-c500-4375-c5ad-3c844dcaa784,2000-05-23T21:42:53Z,2001-05-22T21:42:53Z,b046940f-1664-3047-bca7-dfa76be352a4,,Guardian,Azucena377 Leffler128
6aed9210-c500-4375-b0fc-3374c40b8591,6aed9210-c500-4375-c5ad-3c844dcaa784,2001-05-22T21:42:53Z,2002-05-21T21:42:53Z,b046940f-1664-3047-bca7-dfa76be352a4,,Guardian,Azucena377 Leffler128
6aed9210-c500-4375-b0fc-3374c40b8591,6aed9210-c500-4375-c5ad-3c844dcaa784,2002-05-21T21:42:53Z,2003-05-27T21:42:53Z,b046940f-1664-3047-bca7-dfa76be352a4,,Guardian,Azucena377 Leffler128
6aed9210-c500-4375-b0fc-3374c40b8591,6aed9210-c500-4375-c5ad-3c844dcaa784,2003-05-27T21:42:53Z,2004-05-25T21:42:53Z,b046940f-1664-3047-bca7-dfa76be352a4,,Guardian,Azucena377 Leffler128
6aed9210-c500-4375-b0fc-3374c40b8591,6aed9210-c500-4375-f959-89edccab33c2,2004-05-25T21:42:53Z,2005-05-24T21:42:53Z,b046940f-1664-3047-bca7-dfa76be352a4,,Self,Lyman173 Runte676
6aed9210-c500-4375-b0fc-3374c40b8591,6aed9210-c500-4375-b122-096461f8acf4,2005-05-24T21:42:53Z,2006-05-23T21:42:53Z,b046940f-1664-3047-bca7-dfa76be352a4,,Self,Lyman173 Runte676
6aed9210-c500-4375-b0fc-3374c40b8591,6aed9210-c500-4375-22dc-b071eda83d8d,2006-05-23T21:42:53Z,2007-05-22T21:42:53Z,b046940f-1664-3047-bca7-dfa76be352a4,,Self,Lyman173 Runte676
6aed9210-c500-4375-b0fc-3374c40b8591,6aed9210-c500-4375-635d-30711828b138,2007-05-22T21:42:53Z,2008-05-27T21:42:53Z,b046940f-1664-3047-bca7-dfa76be352a4,,Self,Lyman173 Runte676
6aed9210-c500-4375-b0fc-3374c40b8591,6aed9210-c500-4375-ba8e-923c2a411c9f,2008-05-27T21:42:53Z,2009-05-26T21:42:53Z,b046940f-1664-3047-bca7-dfa76be352a4,,Self,Lyman173 Runte676
6aed9210-c500-4375-b0fc-3374c40b8591,6aed9210-c500-4375-603b-1b3762e2ef2c,2009-05-26T21:42:53Z,2010-05-25T21:42:53Z,b046940f-1664-3047-bca7-dfa76be352a4,,Self,Lyman173 Runte676
6aed9210-c500-4375-b0fc-3374c40b8591,6aed9210-c500-4375-4b52-4e1cd17a373e,2010-05-25T21:42:53Z,2011-05-24T21:42:53Z,b046940f-1664-3047-bca7-dfa76be352a4,,Self,Lyman173 Runte676
6aed9210-c500-4375-b0fc-3374c40b8591,6aed9210-c500-4375-2cb1-f04d5f5c1793,2011-05-24T21:42:53Z,2012-05-22T21:42:53Z,b046940f-1664-3047-bca7-dfa76be352a4,,Self,Lyman173 Runte676
6aed9210-c500-4375-b0fc-3374c40b8591,6aed9210-c500-4375-d2a1-fe57ed7c69be,2012-05-22T21:42:53Z,2013-05-21T21:42:53Z,b046940f-1664-3047-bca7-dfa76be352a4,,Self,Lyman173 Runte676
6aed9210-c500-4375-b0fc-3374c40b8591,6aed9210-c500-4375-c56b-df1ff085374c,2013-05-21T21:42:53Z,2014-05-27T21:42:53Z,b046940f-1664-3047-bca7-dfa76be352a4,,Self,Lyman173 Runte676
6aed9210-c500-4375-b0fc-3374c40b8591,6aed9210-c500-4375-44f9-d279253d8482,2014-05-27T21:42:53Z,2015-05-26T21:42:53Z,b046940f-1664-3047-bca7-dfa76be352a4,,Self,Lyman173 Runte676
6aed9210-c500-4375-b0fc-3374c40b8591,6aed9210-c500-4375-4b8d-4f25e90ba0c9,2015-05-26T21:42:53Z,2016-05-24T21:42:53Z,b046940f-1664-3047-bca7-dfa76be352a4,,Self,Lyman173 Runte676
6aed9210-c500-4375-b0fc-3374c40b8591,6aed9210-c500-4375-2e79-2008116e4725,2016-05-24T21:42:53Z,2017-05-23T21:42:53Z,b046940f-1664-3047-bca7-dfa76be352a4,,Self,Lyman173 Runte676
6aed9210-c500-4375-b0fc-3374c40b8591,6aed9210-c500-4375-a9b9-8c5e64745f3f,2017-05-23T21:42:53Z,2018-05-22T21:42:53Z,b046940f-1664-3047-bca7-dfa76be352a4,,Self,Lyman173 Runte676
6aed9210-c500-4375-b0fc-3374c40b8591,6aed9210-c500-4375-c47f-edec4466b19a,2018-05-22T21:42:53Z,2019-05-21T21:42:53Z,b046940f-1664-3047-bca7-dfa76be352a4,,Self,Lyman173 Runte676
6aed9210-c500-4375-b0fc-3374c40b8591,6aed9210-c500-4375-fded-cdead47957f1,2019-05-21T21:42:53Z,2020-05-26T21:42:53Z,b046940f-1664-3047-bca7-dfa76be352a4,,Self,Lyman173 Runte676
6aed9210-c500-4375-b0fc-3374c40b8591,6aed9210-c500-4375-d31e-6e4b9d82c4ed,2020-05-26T21:42:53Z,2021-05-25T21:42:53Z,b046940f-1664-3047-bca7-dfa76be352a4,,Self,Lyman173 Runte676
6aed9210-c500-4375-b0fc-3374c40b8591,6aed9210-c500-4375-be0a-7054a991a7aa,2021-05-25T21:42:53Z,2022-05-24T21:42:53Z,b046940f-1664-3047-bca7-dfa76be352a4,,Self,Lyman173 Runte676
6aed9210-c500-4375-b0fc-3374c40b8591,6aed9210-c500-4375-1a39-0ae844fa877e,2022-05-24T21:42:53Z,2023-05-23T21:42:53Z,b046940f-1664-3047-bca7-dfa76be352a4,,Self,Lyman173 Runte676
6aed9210-c500-4375-b0fc-3374c40b8591,6aed9210-c500-4375-c113-17a4b51086de,2023-05-23T21:42:53Z,2024-05-21T21:42:53Z,b046940f-1664-3047-bca7-dfa76be352a4,,Self,Lyman173 Runte676
6aed9210-c500-4375-b0fc-3374c40b8591,6aed9210-c500-4375-6bb6-83b424c6724a,2024-05-21T21:42:53Z,2025-05-27T21:42:53Z,b046940f-1664-3047-bca7-dfa76be352a4,,Self,Lyman173 Runte676
6aed9210-c500-4375-b0fc-3374c40b8591,6aed9210-c500-4375-84cf-0e4b7d73cdd8,2025-05-27T21:42:53Z,2026-05-26T21:42:53Z,b046940f-1664-3047-bca7-dfa76be352a4,,Self,
6aed9210-c500-4375-b0fc-3374c40b8591,6aed9210-c500-4375-aa0f-a1061ac10f0f,2026-05-26T21:42:53Z,2027-05-21T21:42:53Z,b046940f-1664-3047-bca7-dfa76be352a4,,Self,Lyman173 Runte676
6f45f2e9-a617-570a-8867-dec1260088bb,6f45f2e9-a617-570a-2d9c-b0c0f17ad90f,2013-05-16T06:34:20Z,2014-05-22T06:34:20Z,d31fccc3-1767-390d-966a-22a5156f4219,,Guardian,Idella49 Harris789
6f45f2e9-a617-570a-8867-dec1260088bb,6f45f2e9-a617-570a-2d9c-b0c0f17ad90f,2014-05-22T06:34:20Z,2015-05-21T06:34:20Z,d31fccc3-1767-390d-966a-22a5156f4219,,Guardian,Idella49 Harris789
6f45f2e9-a617-570a-8867-dec1260088bb,6f45f2e9-a617-570a-2d9c-b0c0f17ad90f,2015-05-21T06:34:20Z,2016-05-19T06:34:20Z,d31fccc3-1767-390d-966a-22a5156f4219,,Guardian,Idella49 Harris789
6f45f2e9-a617-570a-8867-dec1260088bb,6f45f2e9-a617-570a-2d9c-b0c0f17ad90f,2016-05-19T06:34:20Z,2017-05-18T06:34:20Z,d31fccc3-1767-390d-966a-22a5156f4219,,Guardian,Idella49 Harris789
6f45f2e9-a617-570a-8867-dec1260088bb,6f45f2e9-a617-570a-2d9c-b0c0f17ad90f,2017-05-18T06:34:20Z,2018-05-17T06:34:20Z,d31fccc3-1767-390d-966a-22a5156f4219,,Guardian,Idella49 Harris789
6f45f2e9-a617-570a-8867-dec1260088bb,6f45f2e9-a617-570a-2d9c-b0c0f17ad90f,2018-05-17T06:34:20Z,2019-05-16T06:34:20Z,d31fccc3-1767-390d-966a-22a5156f4219,,Guardian,Idella49 Harris789
6f45f2e9-a617-570a-8867-dec1260088bb,6f45f2e9-a617-570a-2d9c-b0c0f17ad90f,2019-05-16T06:34:20Z,2020-05-21T06:34:20Z,d31fccc3-1767-390d-966a-22a5156f4219,,Guardian,Idella49 Harris789
6f45f2e9-a617-570a-8867-dec1260088bb,6f45f2e9-a617-570a-2d9c-b0c0f17ad90f,2020-05-21T06:34:20Z,2021-05-20T06:34:20Z,d31fccc3-1767-390d-966a-22a5156f4219,,Guardian,Idella49 Harris789
6f45f2e9-a617-570a-8867-dec1260088bb,6f45f2e9-a617-570a-2d9c-b0c0f17ad90f,2021-05-20T06:34:20Z,2022-05-19T06:34:20Z,d31fccc3-1767-390d-966a-22a5156f4219,,Guardian,Idella49 Harris789
6f45f2e9-a617-570a-8867-dec1260088bb,6f45f2e9-a617-570a-2d9c-b0c0f17ad90f,2022-05-19T06:34:20Z,2023-05-18T06:34:20Z,d31fccc3-1767-390d-966a-22a5156f4219,,Guardian,Idella49 Harris789
6f45f2e9-a617-570a-8867-dec1260088bb,6f45f2e9-a617-570a-2d9c-b0c0f17ad90f,2023-05-18T06:34:20Z,2024-05-16T06:34:20Z,d31fccc3-1767-390d-966a-22a5156f4219,,Guardian,Idella49 Harris789
6f45f2e9-a617-570a-8867-dec1260088bb,6f45f2e9-a617-570a-2d9c-b0c0f17ad90f,2024-05-16T06:34:20Z,2025-05-22T06:34:20Z,d31fccc3-1767-390d-966a-22a5156f4219,,Guardian,Idella49 Harris789
6f45f2e9-a617-570a-8867-dec1260088bb,6f45f2e9-a617-570a-2d9c-b0c0f17ad90f,2025-05-22T06:34:20Z,2026-05-21T06:34:20Z,d31fccc3-1767-390d-966a-22a5156f4219,,Guardian,Idella49 Harris789
6f45f2e9-a617-570a-8867-dec1260088bb,6f45f2e9-a617-570a-2d9c-b0c0f17ad90f,2026-05-21T06:34:20Z,2027-05-16T06:34:20Z,d31fccc3-1767-390d-966a-22a5156f4219,,Guardian,Idella49 Harris789
d57841fa-c9e2-a3d1-0e78-09bdbe4eed66,d57841fa-c9e2-a3d1-04ea-17acceaea2c5,1969-06-08T20:49:24Z,1970-06-07T20:49:24Z,26aab0cd-6aba-3e1b-ac5b-05c8867e762c,,Guardian,Mavis612 Haag279
d57841fa-c9e2-a3d1-0e78-09bdbe4eed66,d57841fa-c9e2-a3d1-04ea-17acceaea2c5,1970-06-07T20:49:24Z,1971-06-06T20:49:24Z,26aab0cd-6aba-3e1b-ac5b-05c8867e762c,,Guardian,Mavis612 Haag279
d57841fa-c9e2-a3d1-0e78-09bdbe4eed66,d57841fa-c9e2-a3d1-04ea-17acceaea2c5,1971-06-06T20:49:24Z,1972-06-11T20:49:24Z,26aab0cd-6aba-3e1b-ac5b-05c8867e762c,,Guardian,Mavis612 Haag279
d57841fa-c9e2-a3d1-0e78-09bdbe4eed66,d57841fa-c9e2-a3d1-04ea-17acceaea2c5,1972-06-11T20:49:24Z,1973-06-10T20:49:24Z,26aab0cd-6aba-3e1b-ac5b-05c8867e762c,,Guardian,Mavis612 Haag279
d57841fa-c9e2-a3d1-0e78-09bdbe4eed66,d57841fa-c9e2-a3d1-04ea-17acceaea2c5,1973-06-10T20:49:24Z,1974-06-09T20:49:24Z,26aab0cd-6aba-3e1b-ac5b-05c8867e762c,,Guardian,Mavis612 Haag279
d57841fa-c9e2-a3d1-0e78-09bdbe4eed66,d57841fa-c9e2-a3d1-04ea-17acceaea2c5,1974-06-09T20:49:24Z,1975-06-08T20:49:24Z,26aab0cd-6aba-3e1b-ac5b-05c8867e762c,,Guardian,Mavis612 Haag279
d57841fa-c9e2-a3d1-0e78-09bdbe4eed66,d57841fa-c9e2-a3d1-04ea-17acceaea2c5,1975-06-08T20:49:24Z,1976-06-06T20:49:24Z,26aab0cd-6aba-3e1b-ac5b-05c8867e762c,,Guardian,Mavis612 Haag279
d57841fa-c9e2-a3d1-0e78-09bdbe4eed66,d57841fa-c9e2-a3d1-04ea-17acceaea2c5,1976-06-06T20:49:24Z,1977-06-12T20:49:24Z,26aab0cd-6aba-3e1b-ac5b-05c8867e762c,,Guardian,
d57841fa-c9e2-a3d1-0e78-09bdbe4eed66,d57841fa-c9e2-a3d1-04ea-17acceaea2c5,1977-06-12T20:49:24Z,1978-06-11T20:49:24Z,26aab0cd-6aba-3e1b-ac5b-05c8867e762c,,Guardian,Mavis612 Haag279
d57841fa-c9e2-a3d1-0e78-09bdbe4eed66,d57841fa-c9e2-a3d1-04ea-17acceaea2c5,1978-06-11T20:49:24Z,1979-06-10T20:49:24Z,26aab0cd-6aba-3e1b-ac5b-05c8867e762c,,Guardian,Mavis612 Haag279
d57841fa-c9e2-a3d1-0e78-09bdbe4eed66,d57841fa-c9e2-a3d1-04ea-17acceaea2c5,1979-06-10T20:49:24Z,1980-06-08T20:49:24Z,26aab0cd-6aba-3e1b-ac5b-05c8867e762c,,Guardian,Mavis612 Haag279
d57841fa-c9e2-a3d1-0e78-09bdbe4eed66,d57841fa-c9e2-a3d1-04ea-17acceaea2c5,1980-06-08T20:49:24Z,1981-06-07T20:49:24Z,26aab0cd-6aba-3e1b-ac5b-05c8867e762c,,Guardian,Mavis612 Haag279
d57841fa-c9e2-a3d1-0e78-09bdbe4eed66,d57841fa-c9e2-a3d1-04ea-17acceaea2c5,1981-06-07T20:49:24Z,1982-06-06T20:49:24Z,26aab0cd-6aba-3e1b-ac5b-05c8867e762c,,Guardian,Mavis612 Haag279
d57841fa-c9e2-a3d1-0e78-09bdbe4eed66,d57841fa-c9e2-a3d1-04ea-17acceaea2c5,1982-06-06T20:49:24Z,1983-06-12T20:49:24Z,26aab0cd-6aba-3e1b-ac5b-05c8867e762c,,Guardian,Mavis612 Haag279
d57841fa-c9e2-a3d1-0e78-09bdbe4eed66,d57841fa-c9e2-a3d1-04ea-17acceaea2c5,1983-06-12T20:49:24Z,1984-06-10T20:49:24Z,26aab0cd-6aba-3e1b-ac5b-05c8867e762c,,Guardian,Mavis612 Haag279
d57841fa-c9e2-a3d1-0e78-09bdbe4eed66,d57841fa-c9e2-a3d1-39ac-7aa6b94e8d0a,1984-06-10T20:49:24Z,1985-06-09T20:49:24Z,26aab0cd-6aba-3e1b-ac5b-05c8867e762c,,Self,Jessica140 McKenzie376
d57841fa-c9e2-a3d1-0e78-09bdbe4eed66,d57841fa-c9e2-a3d1-6fdf-62ae981d456c,1985-06-09T20:49:24Z,1986-06-08T20:49:24Z,26aab0cd-6aba-3e1b-ac5b-05c8867e762c,,Self,Jessica140 McKenzie376
d57841fa-c9e2-a3d1-0e78-09bdbe4eed66,d57841fa-c9e2-a3d1-9718-6bcbb7ad67af,1986-06-08T20:49:24Z,1987-06-07T20:49:24Z,26aab0cd-6aba-3e1b-ac5b-05c8867e762c,,Self,Jessica140 McKenzie376
d57841fa-c9e2-a3d1-0e78-09bdbe4eed66,d57841fa-c9e2-a3d1-3dab-d117c160277d,1987-06-07T20:49:24Z,1988-06-12T20:49:24Z,26aab0cd-6aba-3e1b-ac5b-05c8867e762c,,Self,Jessica140 McKenzie376
d57841fa-c9e2-a3d1-0e78-09bdbe4eed66,d57841fa-c9e2-a3d1-75a3-e837e01b0023,1988-06-12T20:49:24Z,1989-06-11T20:49:24Z,26aab0cd-6aba-3e1b-ac5b-05c8867e762c,,Self,Jessica140 McKenzie376
d57841fa-c9e2-a3d1-0e78-09bdbe4eed66,d57841fa-c9e2-a3d1-af55-8e0a3c8f9219,1989-06-11T20:49:24Z,1990-06-10T20:49:24Z,26aab0cd-6aba-3e1b-ac5b-05c8867e762c,,Self,Jessica140 McKenzie376
d57841fa-c9e2-a3d1-0e78-09bdbe4eed66,d57841fa-c9e2-a3d1-c12d-ad230166e43e,1990-06-10T20:49:24Z,1991-06-09T20:49:24Z,26aab0cd-6aba-3e1b-ac5b-05c8867e762c,,Self,Jessica140 McKenzie376
d57841fa-c9e2-a3d1-0e78-09bdbe4eed66,d57841fa-c9e2-a3d1-9eb0-c1283cb3e9ff,1991-06-09T20:49:24Z,1992-06-07T20:49:24Z,26aab0cd-6aba-3e1b-ac5b-05c8867e762c,,Self,Jessica140 McKenzie376
d57841fa-c9e2-a3d1-0e78-09bdbe4eed66,d57841fa-c9e2-a3d1-7b9a-09043ac53dac,1992-06-07T20:49:24Z,1993-06-06T20:49:24Z,26aab0cd-6aba-3e1b-ac5b-05c8867e762c,,Self,Jessica140 McKenzie376
d57841fa-c9e2-a3d1-0e78-09bdbe4eed66,d57841fa-c9e2-a3d1-007c-a08d7b353d10,1993-06-06T20:49:24Z,1994-06-12T20:49:24Z,26aab0cd-6aba-3e1b-ac5b-05c8867e762c,,Self,Jessica140 McKenzie376
d57841fa-c9e2-a3d1-0e78-09bdbe4eed66,d57841fa-c9e2-a3d1-2a25-b82fc400baf2,1994-06-12T20:49:24Z,1995-06-11T20:49:24Z,26aab0cd-6aba-3e1b-ac5b-05c8867e762c,,Spouse,Mr. Huels583
d57841fa-c9e2-a3d1-0e78-09bdbe4eed66,d57841fa-c9e2-a3d1-242c-bc50a96fc7ff,1995-06-11T20:49:24Z,1996-06-09T20:49:24Z,26aab0cd-6aba-3e1b-ac5b-05c8867e762c,,Self,Jessica140 Susannah249 Huels583
d57841fa-c9e2-a3d1-0e78-09bdbe4eed66,d57841fa-c9e2-a3d1-cb71-1d89dfafae31,1996-06-09T20:49:24Z,1997-06-08T20:49:24Z,26aab0cd-6aba-3e1b-ac5b-05c8867e762c,,Spouse,Mr. Huels583
d57841fa-c9e2-a3d1-0e78-09bdbe4eed66,d57841fa-c9e2-a3d1-c415-1e830dc85651,1997-06-08T20:49:24Z,1998-06-07T20:49:24Z,26aab0cd-6aba-3e1b-ac5b-05c8867e762c,,Self,Jessica140 Susannah249 Huels583
d57841fa-c9e2-a3d1-0e78-09bdbe4eed66,d57841fa-c9e2-a3d1-b4be-79ecb447db1d,1998-06-07T20:49:24Z,1999-06-06T20:49:24Z,26aab0cd-6aba-3e1b-ac5b-05c8867e762c,,Spouse,Mr. Huels583
d57841fa-c9e2-a3d1-0e78-09bdbe4eed66,d57841fa-c9e2-a3d1-9782-0d4ce4e6834f,1999-06-06T20:49:24Z,2000-06-11T20:49:24Z,26aab0cd-6aba-3e1b-ac5b-05c8867e762c,,Spouse,Mr. Huels583
d57841fa-c9e2-a3d1-0e78-09bdbe4eed66,d57841fa-c9e2-a3d1-e680-6d4377180500,2000-06-11T20:49:24Z,2001-06-10T20:49:24Z,26aab0cd-6aba-3e1b-ac5b-05c8867e762c,,Self,Jessica140 Susannah249 Huels583
d57841fa-c9e2-a3d1-0e78-09bdbe4eed66,d57841fa-c9e2-a3d1-3669-b49b853d5b0a,2001-06-10T20:49:24Z,2002-06-09T20:49:24Z,26aab0cd-6aba-3e1b-ac5b-05c8867e762c,,Self,Jessica140 Susannah249 Huels583
d57841fa-c9e2-a3d1-0e78-09bdbe4eed66,d57841fa-c9e2-a3d1-8df9-6eb5baef8d71,2002-06-09T20:49:24Z,2003-06-08T20:49:24Z,26aab0cd-6aba-3e1b-ac5b-05c8867e762c,,Self,Jessica140 Susannah249 Huels583
d57841fa-c9e2-a3d1-0e78-09bdbe4eed66,d57841fa-c9e2-a3d1-aad9-7957fe78c04c,2003-06-08T20:49:24Z,2004-06-06T20:49:24Z,26aab0cd-6aba-3e1b-ac5b-05c8867e762c,,Spouse,Mr. Huels583
d57841fa-c9e2-a3d1-0e78-09bdbe4eed66,d57841fa-c9e2-a3d1-8dad-174fe89eb308,2004-06-06T20:49:24Z,2005-06-12T20:49:24Z,26aab0cd-6aba-3e1b-ac5b-05c8867e762c,,Self,Jessica140 Susannah249 Huels583
d57841fa-c9e2-a3d1-0e78-09bdbe4eed66,d57841fa-c9e2-a3d1-0dda-279f6311247f,2005-06-12T20:49:24Z,2006-06-11T20:49:24Z,26aab0cd-6aba-3e1b-ac5b-05c8867e762c,,Self,Jessica140 Susannah249 Huels583
d57841fa-c9e2-a3d1-0e78-09bdbe4eed66,d57841fa-c9e2-a3d1-3ac6-e4c76f69b24d,2006-06-11T20:49:24Z,2007-06-10T20:49:24Z,26aab0cd-6aba-3e1b-ac5b-05c8867e762c,,Spouse,Mr. Huels583
d57841fa-c9e2-a3d1-0e78-09bdbe4eed66,d57841fa-c9e2-a3d1-84b8-02d3cab8d22d,2007-06-10T20:49:24Z,2008-06-08T20:49:24Z,26aab0cd-6aba-3e1b-ac5b-05c8867e762c,,Spouse,Mr. Huels583
d57841fa-c9e2-a3d1-0e78-09bdbe4eed66,d57841fa-c9e2-a3d1-0346-546a42093d1f,2008-06-08T20:49:24Z,2009-06-07T20:49:24Z,26aab0cd-6aba-3e1b-ac5b-05c8867e762c,,Spouse,Mr. Huels583
d57841fa-c9e2-a3d1-0e78-09bdbe4eed66,d57841fa-c9e2-a3d1-c293-d3fe53418893,2009-06-07T20:49:24Z,2010-06-06T20:49:24Z,26aab0cd-6aba-3e1b-ac5b-05c8867e762c,,Self,Jessica140 Susannah249 Huels583
d57841fa-c9e2-a3d1-0e78-09bdbe4eed66,d57841fa-c9e2-a3d1-20d3-fccd72e4bbd5,2010-06-06T20:49:24Z,2011-06-12T20:49:24Z,26aab0cd-6aba-3e1b-ac5b-05c8867e762c,,Spouse,Mr. Huels583
d57841fa-c9e2-a3d1-0e78-09bdbe4eed66,d57841fa-c9e2-a3d1-0982-c5110316577c,2011-06-12T20:49:24Z,2012-06-10T20:49:24Z,26aab0cd-6aba-3e1b-ac5b-05c8867e762c,,Self,Jessica140 Susannah249 Huels583
d57841fa-c9e2-a3d1-0e78-09bdbe4eed66,d57841fa-c9e2-a3d1-e07f-4ceef00c3e31,2012-06-10T20:49:24Z,2013-06-09T20:49:24Z,26aab0cd-6aba-3e1b-ac5b-05c8867e762c,,Self,Jessica140 Susannah249 Huels583
d57841fa-c9e2-a3d1-0e78-09bdbe4eed66,d57841fa-c9e2-a3d1-a2c4-fe3d1b67ee8f,2013-06-09T20:49:24Z,2014-06-08T20:49:24Z,26aab0cd-6aba-3e1b-ac5b-05c8867e762c,,Spouse,Mr. Huels583
d57841fa-c9e2-a3d1-0e78-09bdbe4eed66,d57841fa-c9e2-a3d1-5496-8391defc0d21,2014-06-08T20:49:24Z,2015-06-07T20:49:24Z,26aab0cd-6aba-3e1b-ac5b-05c8867e762c,,Spouse,Mr. Huels583
d57841fa-c9e2-a3d1-0e78-09bdbe4eed66,d57841fa-c9e2-a3d1-e7a2-00703ffd4a6c,2015-06-07T20:49:24Z,2016-06-12T20:49:24Z,26aab0cd-6aba-3e1b-ac5b-05c8867e762c,,Spouse,Mr. Huels583
d57841fa-c9e2-a3d1-0e78-09bdbe4eed66,d57841fa-c9e2-a3d1-633d-9f659e95997a,2016-06-12T20:49:24Z,2017-06-11T20:49:24Z,26aab0cd-6aba-3e1b-ac5b-05c8867e762c,,Self,Jessica140 Susannah249 Huels583
d57841fa-c9e2-a3d1-0e78-09bdbe4eed66,d57841fa-c9e2-a3d1-3ad7-047e76a7a69c,2017-06-11T20:49:24Z,2018-06-10T20:49:24Z,26aab0cd-6aba-3e1b-ac5b-05c8867e762c,,Self,Jessica140 Susannah249 Huels583
d57841fa-c9e2-a3d1-0e78-09bdbe4eed66,d57841fa-c9e2-a3d1-8c77-0f2b537ca7e2,2018-06-10T20:49:24Z,2019-06-09T20:49:24Z,26aab0cd-6aba-3e1b-ac5b-05c8867e762c,,Spouse,Mr. Huels583
d57841fa-c9e2-a3d1-0e78-09bdbe4eed66,d57841fa-c9e2-a3d1-e0a5-102288e8d094,2019-06-09T20:49:24Z,2020-06-07T20:49:24Z,26aab0cd-6aba-3e1b-ac5b-05c8867e762c,,Spouse,Mr. Huels583
d57841fa-c9e2-a3d1-0e78-09bdbe4eed66,d57841fa-c9e2-a3d1-6046-79b31d68661e,2020-06-07T20:49:24Z,2021-06-06T20:49:24Z,26aab0cd-6aba-3e1b-ac5b-05c8867e762c,,Spouse,Mr. Huels583
d57841fa-c9e2-a3d1-0e78-09bdbe4eed66,d57841fa-c9e2-a3d1-3a9f-bab6acde0f0c,2021-06-06T20:49:24Z,2022-06-12T20:49:24Z,26aab0cd-6aba-3e1b-ac5b-05c8867e762c,,Self,Jessica140 Susannah249 Huels583
d57841fa-c9e2-a3d1-0e78-09bdbe4eed66,d57841fa-c9e2-a3d1-5d58-85a3f601d9f2,2022-06-12T20:49:24Z,2023-06-11T20:49:24Z,26aab0cd-6aba-3e1b-ac5b-05c8867e762c,,Spouse,Mr. Huels583
d57841fa-c9e2-a3d1-0e78-09bdbe4eed66,d57841fa-c9e2-a3d1-b666-9578265850c3,2023-06-11T20:49:24Z,2024-06-09T20:49:24Z,26aab0cd-6aba-3e1b-ac5b-05c8867e762c,,Spouse,Mr. Huels583
d57841fa-c9e2-a3d1-0e78-09bdbe4eed66,d57841fa-c9e2-a3d1-3f52-28dd712d41c7,2024-06-09T20:49:24Z,2025-06-08T20:49:24Z,26aab0cd-6aba-3e1b-ac5b-05c8867e762c,,Self,Jessica140 Susannah249 Huels583
d57841fa-c9e2-a3d1-0e78-09bdbe4eed66,d57841fa-c9e2-a3d1-c912-e15297e81465,2025-06-08T20:49:24Z,2026-06-07T20:49:24Z,26aab0cd-6aba-3e1b-ac5b-05c8867e762c,,Self,Jessica140 Susannah249 Huels583
d57841fa-c9e2-a3d1-0e78-09bdbe4eed66,d57841fa-c9e2-a3d1-751e-5daf31edc3a1,2026-06-07T20:49:24Z,2027-06-06T20:49:24Z,26aab0cd-6aba-3e1b-ac5b-05c8867e762c,,Self,Jessica140 Susannah249 Huels583
75d6a35c-c2e1-5b9f-e7f8-6a5b05af8fc8,75d6a35c-c2e1-5b9f-2fd0-d67bc6879d55,2012-12-21T15:13:25Z,2013-12-27T15:13:25Z,df166300-5a78-3502-a46a-832842197811,,Self,Hiram237 Batz141
75d6a35c-c2e1-5b9f-e7f8-6a5b05af8fc8,75d6a35c-c2e1-5b9f-e3c9-a59e87740117,2013-12-27T15:13:25Z,2014-12-26T15:13:25Z,df166300-5a78-3502-a46a-832842197811,,Self,Hiram237 Batz141
75d6a35c-c2e1-5b9f-e7f8-6a5b05af8fc8,75d6a35c-c2e1-5b9f-f4ad-559dd6a43b93,2014-12-26T15:13:25Z,2015-12-25T15:13:25Z,734afbd6-4794-363b-9bc0-6a3981533ed5,,Guardian,Hedy234 Sporer811
75d6a35c-c2e1-5b9f-e7f8-6a5b05af8fc8,75d6a35c-c2e1-5b9f-f4ad-559dd6a43b93,2015-12-25T15:13:25Z,2016-12-23T15:13:25Z,734afbd6-4794-363b-9bc0-6a3981533ed5,,Guardian,Hedy234 Sporer811
75d6a35c-c2e1-5b9f-e7f8-6a5b05af8fc8,75d6a35c-c2e1-5b9f-f4ad-559dd6a43b93,2016-12-23T15:13:25Z,2017-12-22T15:13:25Z,734afbd6-4794-363b-9bc0-6a3981533ed5,,Guardian,Hedy234 Sporer811
75d6a35c-c2e1-5b9f-e7f8-6a5b05af8fc8,75d6a35c-c2e1-5b9f-f4ad-559dd6a43b93,2017-12-22T15:13:25Z,2018-12-21T15:13:25Z,734afbd6-4794-363b-9bc0-6a3981533ed5,,Guardian,Hedy234 Sporer811
75d6a35c-c2e1-5b9f-e7f8-6a5b05af8fc8,75d6a35c-c2e1-5b9f-f4ad-559dd6a43b93,2018-12-21T15:13:25Z,2019-12-27T15:13:25Z,734afbd6-4794-363b-9bc0-6a3981533ed5,,Guardian,Hedy234 Sporer811
75d6a35c-c2e1-5b9f-e7f8-6a5b05af8fc8,75d6a35c-c2e1-5b9f-f4ad-559dd6a43b93,2019-12-27T15:13:25Z,2020-12-25T15:13:25Z,734afbd6-4794-363b-9bc0-6a3981533ed5,,Guardian,Hedy234 Sporer811
75d6a35c-c2e1-5b9f-e7f8-6a5b05af8fc8,75d6a35c-c2e1-5b9f-f4ad-559dd6a43b93,2020-12-25T15:13:25Z,2021-12-24T15:13:25Z,734afbd6-4794-363b-9bc0-6a3981533ed5,,Guardian,Hedy234 Sporer811
75d6a35c-c2e1-5b9f-e7f8-6a5b05af8fc8,75d6a35c-c2e1-5b9f-f4ad-559dd6a43b93,2021-12-24T15:13:25Z,2022-12-23T15:13:25Z,734afbd6-4794-363b-9bc0-6a3981533ed5,,Guardian,
75d6a35c-c2e1-5b9f-e7f8-6a5b05af8fc8,75d6a35c-c2e1-5b9f-f4ad-559dd6a43b93,2022-12-23T15:13:25Z,2023-12-22T15:13:25Z,734afbd6-4794-363b-9bc0-6a3981533ed5,,Guardian,Hedy234 Sporer811
75d6a35c-c2e1-5b9f-e7f8-6a5b05af8fc8,75d6a35c-c2e1-5b9f-f4ad-559dd6a43b93,2023-12-22T15:13:25Z,2024-12-27T15:13:25Z,734afbd6-4794-363b-9bc0-6a3981533ed5,,Guardian,Hedy234 Sporer811
75d6a35c-c2e1-5b9f-e7f8-6a5b05af8fc8,75d6a35c-c2e1-5b9f-f4ad-559dd6a43b93,2024-12-27T15:13:25Z,2025-12-26T15:13:25Z,734afbd6-4794-363b-9bc0-6a3981533ed5,,Guardian,Hedy234 Sporer811
75d6a35c-c2e1-5b9f-e7f8-6a5b05af8fc8,75d6a35c-c2e1-5b9f-f4ad-559dd6a43b93,2025-12-26T15:13:25Z,2026-12-21T15:13:25Z,734afbd6-4794-363b-9bc0-6a3981533ed5,,Guardian,Hedy234 Sporer811
3236b1f8-2bc1-3e38-c539-a29407c6a206,,2004-08-27T04:52:26Z,2005-09-02T04:52:26Z,e03e23c9-4df1-3eb6-a62d-f70f02301496,,,
3236b1f8-2bc1-3e38-c539-a29407c6a206,3236b1f8-2bc1-3e38-1718-645691d6221a,2005-09-02T04:52:26Z,2006-09-01T04:52:26Z,a735bf55-83e9-331a-899d-a82a60b9f60c,b046940f-1664-3047-bca7-dfa76be352a4,Self,Krysta658 Barrows492
3236b1f8-2bc1-3e38-c539-a29407c6a206,3236b1f8-2bc1-3e38-7259-98499ef0cf1b,2006-09-01T04:52:26Z,2007-08-31T04:52:26Z,a735bf55-83e9-331a-899d-a82a60b9f60c,b046940f-1664-3047-bca7-dfa76be352a4,Self,Krysta658 Barrows492
3236b1f8-2bc1-3e38-c539-a29407c6a206,3236b1f8-2bc1-3e38-91c9-c471ecccfaa7,2007-08-31T04:52:26Z,2008-08-29T04:52:26Z,a735bf55-83e9-331a-899d-a82a60b9f60c,b046940f-1664-3047-bca7-dfa76be352a4,Self,Krysta658 Barrows492
3236b1f8-2bc1-3e38-c539-a29407c6a206,3236b1f8-2bc1-3e38-28d2-41670a85243d,2008-08-29T04:52:26Z,2009-08-28T04:52:26Z,a735bf55-83e9-331a-899d-a82a60b9f60c,b046940f-1664-3047-bca7-dfa76be352a4,Self,Krysta658 Barrows492
3236b1f8-2bc1-3e38-c539-a29407c6a206,3236b1f8-2bc1-3e38-294e-a8d23cd9e6ef,2009-08-28T04:52:26Z,2010-08-27T04:52:26Z,a735bf55-83e9-331a-899d-a82a60b9f60c,b046940f-1664-3047-bca7-dfa76be352a4,Self,Krysta658 Barrows492
3236b1f8-2bc1-3e38-c539-a29407c6a206,3236b1f8-2bc1-3e38-7c58-2a3628aa69c8,2010-08-27T04:52:26Z,2011-09-02T04:52:26Z,a735bf55-83e9-331a-899d-a82a60b9f60c,b046940f-1664-3047-bca7-dfa76be352a4,Self,Krysta658 Barrows492
3236b1f8-2bc1-3e38-c539-a29407c6a206,3236b1f8-2bc1-3e38-df26-6d16d2181953,2011-09-02T04:52:26Z,2012-08-31T04:52:26Z,a735bf55-83e9-331a-899d-a82a60b9f60c,b046940f-1664-3047-bca7-dfa76be352a4,Self,Krysta658 Barrows492
3236b1f8-2bc1-3e38-c539-a29407c6a206,3236b1f8-2bc1-3e38-c437-562e90ed4af4,2012-08-31T04:52:26Z,2013-08-30T04:52:26Z,a735bf55-83e9-331a-899d-a82a60b9f60c,b046940f-1664-3047-bca7-dfa76be352a4,Self,Krysta658 Barrows492
3236b1f8-2bc1-3e38-c539-a29407c6a206,3236b1f8-2bc1-3e38-3f1f-a3dde066f901,2013-08-30T04:52:26Z,2014-08-29T04:52:26Z,a735bf55-83e9-331a-899d-a82a60b9f60c,,Self,Krysta658 Barrows492
3236b1f8-2bc1-3e38-c539-a29407c6a206,3236b1f8-2bc1-3e38-a1f0-494d0dff4a86,2014-08-29T04:52:26Z,2015-08-28T04:52:26Z,a735bf55-83e9-331a-899d-a82a60b9f60c,b046940f-1664-3047-bca7-dfa76be352a4,Self,Krysta658 Barrows492
3236b1f8-2bc1-3e38-c539-a29407c6a206,3236b1f8-2bc1-3e38-1dda-1d5f2cc5ff00,2015-08-28T04:52:26Z,2016-09-02T04:52:26Z,a735bf55-83e9-331a-899d-a82a60b9f60c,b046940f-1664-3047-bca7-dfa76be352a4,Self,Krysta658 Barrows492
3236b1f8-2bc1-3e38-c539-a29407c6a206,3236b1f8-2bc1-3e38-321b-e40c61839650,2016-09-02T04:52:26Z,2017-09-01T04:52:26Z,a735bf55-83e9-331a-899d-a82a60b9f60c,b046940f-1664-3047-bca7-dfa76be352a4,Self,Krysta658 Barrows492
3236b1f8-2bc1-3e38-c539-a29407c6a206,3236b1f8-2bc1-3e38-719a-b04a9b966d38,2017-09-01T04:52:26Z,2018-08-31T04:52:26Z,a735bf55-83e9-331a-899d-a82a60b9f60c,b046940f-1664-3047-bca7-dfa76be352a4,Self,Krysta658 Barrows492
3236b1f8-2bc1-3e38-c539-a29407c6a206,3236b1f8-2bc1-3e38-a2cb-856c8f0c2577,2018-08-31T04:52:26Z,2019-08-30T04:52:26Z,a735bf55-83e9-331a-899d-a82a60b9f60c,b046940f-1664-3047-bca7-dfa76be352a4,Self,Krysta658 Barrows492
3236b1f8-2bc1-3e38-c539-a29407c6a206,3236b1f8-2bc1-3e38-72e8-9ddb54b97b25,2019-08-30T04:52:26Z,2020-08-28T04:52:26Z,a735bf55-83e9-331a-899d-a82a60b9f60c,b046940f-1664-3047-bca7-dfa76be352a4,Self,Krysta658 Barrows492
3236b1f8-2bc1-3e38-c539-a29407c6a206,3236b1f8-2bc1-3e38-d9a7-5c2d014e914b,2020-08-28T04:52:26Z,2021-08-27T04:52:26Z,a735bf55-83e9-331a-899d-a82a60b9f60c,b046940f-1664-3047-bca7-dfa76be352a4,Self,Krysta658 Barrows492
3236b1f8-2bc1-3e38-c539-a29407c6a206,3236b1f8-2bc1-3e38-0b6f-65ad979a33ab,2021-08-27T04:52:26Z,2022-09-02T04:52:26Z,a735bf55-83e9-331a-899d-a82a60b9f60c,b046940f-1664-3047-bca7-dfa76be352a4,Self,Krysta658 Barrows492
3236b1f8-2bc1-3e38-c539-a29407c6a206,3236b1f8-2bc1-3e38-b188-8c739befd2c7,2022-09-02T04:52:26Z,2023-09-01T04:52:26Z,26aab0cd-6aba-3e1b-ac5b-05c8867e762c,,Self,Krysta658 Barrows492
3236b1f8-2bc1-3e38-c539-a29407c6a206,3236b1f8-2bc1-3e38-c756-ca3b4a962a25,2023-09-01T04:52:26Z,2024-08-30T04:52:26Z,26aab0cd-6aba-3e1b-ac5b-05c8867e762c,,Self,Krysta658 Barrows492
3236b1f8-2bc1-3e38-c539-a29407c6a206,3236b1f8-2bc1-3e38-4a1e-c3e288b1b047,2024-08-30T04:52:26Z,2025-08-29T04:52:26Z,26aab0cd-6aba-3e1b-ac5b-05c8867e762c,,Self,Krysta658 Barrows492
3236b1f8-2bc1-3e38-c539-a29407c6a206,3236b1f8-2bc1-3e38-0189-0c571bd80cf9,2025-08-29T04:52:26Z,2026-08-27T04:52:26Z,26aab0cd-6aba-3e1b-ac5b-05c8867e762c,,Self,Krysta658 Barrows492
a296a2ba-b1ad-a3c5-d172-aa3dfdbcdab9,a296a2ba-b1ad-a3c5-b5f7-5d2fd5034104,1987-03-08T23:37:05Z,1988-03-13T23:37:05Z,df166300-5a78-3502-a46a-832842197811,,Self,Ana972 Agosto501
a296a2ba-b1ad-a3c5-d172-aa3dfdbcdab9,a296a2ba-b1ad-a3c5-377d-5b6c372eabfe,1988-03-13T23:37:05Z,1989-03-12T23:37:05Z,df166300-5a78-3502-a46a-832842197811,,Self,Ana972 Agosto501
a296a2ba-b1ad-a3c5-d172-aa3dfdbcdab9,a296a2ba-b1ad-a3c5-0252-71158850e152,1989-03-12T23:37:05Z,1990-03-11T23:37:05Z,df166300-5a78-3502-a46a-832842197811,,Self,Ana972 Agosto501
a296a2ba-b1ad-a3c5-d172-aa3dfdbcdab9,a296a2ba-b1ad-a3c5-16fe-f7259982418f,1990-03-11T23:37:05Z,1991-03-10T23:37:05Z,df166300-5a78-3502-a46a-832842197811,,Self,Ana972 Agosto501
a296a2ba-b1ad-a3c5-d172-aa3dfdbcdab9,a296a2ba-b1ad-a3c5-ef11-f15469cac754,1991-03-10T23:37:05Z,1992-03-08T23:37:05Z,df166300-5a78-3502-a46a-832842197811,,Self,Ana972 Agosto501
a296a2ba-b1ad-a3c5-d172-aa3dfdbcdab9,a296a2ba-b1ad-a3c5-b1da-a3c9da31f3d1,1992-03-08T23:37:05Z,1993-03-14T23:37:05Z,df166300-5a78-3502-a46a-832842197811,,Self,Ana972 Agosto501
a296a2ba-b1ad-a3c5-d172-aa3dfdbcdab9,a296a2ba-b1ad-a3c5-2447-aa44c25585c2,1993-03-14T23:37:05Z,1994-03-13T23:37:05Z,df166300-5a78-3502-a46a-832842197811,,Self,Ana972 Agosto501
a296a2ba-b1ad-a3c5-d172-aa3dfdbcdab9,a296a2ba-b1ad-a3c5-8a01-ecc54da1c8d8,1994-03-13T23:37:05Z,1995-03-12T23:37:05Z,df166300-5a78-3502-a46a-832842197811,,Self,Ana972 Agosto501
a296a2ba-b1ad-a3c5-d172-aa3dfdbcdab9,a296a2ba-b1ad-a3c5-bee1-4ddc30a31399,1995-03-12T23:37:05Z,1996-03-10T23:37:05Z,df166300-5a78-3502-a46a-832842197811,,Self,Ana972 Agosto501
a296a2ba-b1ad-a3c5-d172-aa3dfdbcdab9,a296a2ba-b1ad-a3c5-18f9-78add92d2e46,1996-03-10T23:37:05Z,1997-03-09T23:37:05Z,df166300-5a78-3502-a46a-832842197811,,Self,Ana972 Agosto501
a296a2ba-b1ad-a3c5-d172-aa3dfdbcdab9,a296a2ba-b1ad-a3c5-ae27-2c8756d30dbe,1997-03-09T23:37:05Z,1998-03-08T23:37:05Z,df166300-5a78-3502-a46a-832842197811,,Self,Ana972 Agosto501
a296a2ba-b1ad-a3c5-d172-aa3dfdbcdab9,a296a2ba-b1ad-a3c5-279b-5be6b2c9d3d6,1998-03-08T23:37:05Z,1999-03-14T23:37:05Z,df166300-5a78-3502-a46a-832842197811,,Self,Ana972 Agosto501
a296a2ba-b1ad-a3c5-d172-aa3dfdbcdab9,a296a2ba-b1ad-a3c5-9eab-e1e1b73a9a5d,1999-03-14T23:37:05Z,2000-03-12T23:37:05Z,df166300-5a78-3502-a46a-832842197811,,Self,Ana972 Agosto501
a296a2ba-b1ad-a3c5-d172-aa3dfdbcdab9,a296a2ba-b1ad-a3c5-84ba-cf8cbe5571cf,2000-03-12T23:37:05Z,2001-03-11T23:37:05Z,df166300-5a78-3502-a46a-832842197811,,Self,Ana972 Agosto501
a296a2ba-b1ad-a3c5-d172-aa3dfdbcdab9,a296a2ba-b1ad-a3c5-1794-cfd875c48f3f,2001-03-11T23:37:05Z,2002-03-10T23:37:05Z,df166300-5a78-3502-a46a-832842197811,,Self,Ana972 Agosto501
a296a2ba-b1ad-a3c5-d172-aa3dfdbcdab9,a296a2ba-b1ad-a3c5-e319-463e91ddae5d,2002-03-10T23:37:05Z,2003-03-09T23:37:05Z,df166300-5a78-3502-a46a-832842197811,,Self,Ana972 Agosto501
a296a2ba-b1ad-a3c5-d172-aa3dfdbcdab9,a296a2ba-b1ad-a3c5-09ea-f172dde9ebf4,2003-03-09T23:37:05Z,2004-03-14T23:37:05Z,df166300-5a78-3502-a46a-832842197811,,Self,Ana972 Agosto501
a296a2ba-b1ad-a3c5-d172-aa3dfdbcdab9,a296a2ba-b1ad-a3c5-5873-9ff30c553177,2004-03-14T23:37:05Z,2005-03-13T23:37:05Z,df166300-5a78-3502-a46a-832842197811,,Self,Ana972 Agosto501
a296a2ba-b1ad-a3c5-d172-aa3dfdbcdab9,a296a2ba-b1ad-a3c5-b845-547351af081e,2005-03-13T23:37:05Z,2006-03-12T23:37:05Z,df166300-5a78-3502-a46a-832842197811,,Self,Ana972 Agosto501
a296a2ba-b1ad-a3c5-d172-aa3dfdbcdab9,a296a2ba-b1ad-a3c5-5c29-2af72be78316,2006-03-12T23:37:05Z,2007-03-11T23:37:05Z,df166300-5a78-3502-a46a-832842197811,,Self,Ana972 Agosto501
a296a2ba-b1ad-a3c5-d172-aa3dfdbcdab9,a296a2ba-b1ad-a3c5-788c-4caea41e72b4,2007-03-11T23:37:05Z,2008-03-09T23:37:05Z,df166300-5a78-3502-a46a-832842197811,,Self,Ana972 Agosto501
a296a2ba-b1ad-a3c5-d172-aa3dfdbcdab9,a296a2ba-b1ad-a3c5-e947-d56883bee02d,2008-03-09T23:37:05Z,2009-03-08T23:37:05Z,df166300-5a78-3502-a46a-832842197811,,Self,Ana972 Agosto501
a296a2ba-b1ad-a3c5-d172-aa3dfdbcdab9,a296a2ba-b1ad-a3c5-9965-e12cfbf9ba9b,2009-03-08T23:37:05Z,2010-03-14T23:37:05Z,df166300-5a78-3502-a46a-832842197811,,Self,Ana972 Agosto501
a296a2ba-b1ad-a3c5-d172-aa3dfdbcdab9,a296a2ba-b1ad-a3c5-2ec3-571d7f22235d,2010-03-14T23:37:05Z,2011-03-13T23:37:05Z,df166300-5a78-3502-a46a-832842197811,,Self,Ana972 Agosto501
a296a2ba-b1ad-a3c5-d172-aa3dfdbcdab9,a296a2ba-b1ad-a3c5-4688-d3e8f3ffeb4f,2011-03-13T23:37:05Z,2012-03-11T23:37:05Z,df166300-5a78-3502-a46a-832842197811,,Self,Ana972 Agosto501
a296a2ba-b1ad-a3c5-d172-aa3dfdbcdab9,a296a2ba-b1ad-a3c5-6252-8884b28dbbe7,2012-03-11T23:37:05Z,2013-03-10T23:37:05Z,df166300-5a78-3502-a46a-832842197811,,Self,Ana972 Agosto501
a296a2ba-b1ad-a3c5-d172-aa3dfdbcdab9,a296a2ba-b1ad-a3c5-8cc7-96c22fc51900,2013-03-10T23:37:05Z,2014-03-09T23:37:05Z,df166300-5a78-3502-a46a-832842197811,,Self,Ana972 Agosto501
a296a2ba-b1ad-a3c5-d172-aa3dfdbcdab9,a296a2ba-b1ad-a3c5-42d5-5bd444ab913b,2014-03-09T23:37:05Z,2015-03-08T23:37:05Z,df166300-5a78-3502-a46a-832842197811,,Self,Ana972 Agosto501
a296a2ba-b1ad-a3c5-d172-aa3dfdbcdab9,a296a2ba-b1ad-a3c5-e715-94065967beea,2015-03-08T23:37:05Z,2016-03-13T23:37:05Z,df166300-5a78-3502-a46a-832842197811,,Self,Ana972 Agosto501
a296a2ba-b1ad-a3c5-d172-aa3dfdbcdab9,a296a2ba-b1ad-a3c5-fcc7-333b3853f169,2016-03-13T23:37:05Z,2017-03-12T23:37:05Z,df166300-5a78-3502-a46a-832842197811,,Self,Ana972 Agosto501
a296a2ba-b1ad-a3c5-d172-aa3dfdbcdab9,a296a2ba-b1ad-a3c5-ecac-fd6dacbcd7ac,2017-03-12T23:37:05Z,2018-03-11T23:37:05Z,df166300-5a78-3502-a46a-832842197811,,Self,Ana972 Agosto501
a296a2ba-b1ad-a3c5-d172-aa3dfdbcdab9,a296a2ba-b1ad-a3c5-4d90-4c157b430a1f,2018-03-11T23:37:05Z,2019-03-10T23:37:05Z,df166300-5a78-3502-a46a-832842197811,,Self,Ana972 Agosto501
a296a2ba-b1ad-a3c5-d172-aa3dfdbcdab9,a296a2ba-b1ad-a3c5-7260-51ef788886ec,2019-03-10T23:37:05Z,2020-03-08T23:37:05Z,df166300-5a78-3502-a46a-832842197811,,Self,Ana972 Agosto501
a296a2ba-b1ad-a3c5-d172-aa3dfdbcdab9,a296a2ba-b1ad-a3c5-42e4-f916511ea838,2020-03-08T23:37:05Z,2021-03-14T23:37:05Z,df166300-5a78-3502-a46a-832842197811,,Self,Ana972 Agosto501
a296a2ba-b1ad-a3c5-d172-aa3dfdbcdab9,a296a2ba-b1ad-a3c5-e105-d29b0cafca95,2021-03-14T23:37:05Z,2022-03-13T23:37:05Z,df166300-5a78-3502-a46a-832842197811,,Self,Ana972 Agosto501
a296a2ba-b1ad-a3c5-d172-aa3dfdbcdab9,a296a2ba-b1ad-a3c5-3dcc-556e57777178,2022-03-13T23:37:05Z,2023-03-12T23:37:05Z,df166300-5a78-3502-a46a-832842197811,,Self,Ana972 Agosto501
a296a2ba-b1ad-a3c5-d172-aa3dfdbcdab9,a296a2ba-b1ad-a3c5-c9fb-f9d81d62140d,2023-03-12T23:37:05Z,2024-03-10T23:37:05Z,df166300-5a78-3502-a46a-832842197811,,Self,
a296a2ba-b1ad-a3c5-d172-aa3dfdbcdab9,a296a2ba-b1ad-a3c5-34bb-ae3bb2b2a6aa,2024-03-10T23:37:05Z,2025-03-09T23:37:05Z,df166300-5a78-3502-a46a-832842197811,,Self,Ana972 Agosto501
a296a2ba-b1ad-a3c5-d172-aa3dfdbcdab9,a296a2ba-b1ad-a3c5-4ef1-62662707fac4,2025-03-09T23:37:05Z,2026-03-08T23:37:05Z,df166300-5a78-3502-a46a-832842197811,,Self,Ana972 Agosto501
a296a2ba-b1ad-a3c5-d172-aa3dfdbcdab9,a296a2ba-b1ad-a3c5-ac85-bf047238bfb3,2026-03-08T23:37:05Z,2027-03-08T23:37:05Z,df166300-5a78-3502-a46a-832842197811,,Self,Ana972 Agosto501
ce8f0d5d-2f0f-0c66-6a64-518b1e209f13,ce8f0d5d-2f0f-0c66-caa5-08b865d8dbed,1976-03-07T21:47:21Z,1977-03-13T21:47:21Z,d31fccc3-1767-390d-966a-22a5156f4219,,Guardian,Cruz300 Grant908
ce8f0d5d-2f0f-0c66-6a64-518b1e209f13,ce8f0d5d-2f0f-0c66-caa5-08b865d8dbed,1977-03-13T21:47:21Z,1978-03-12T21:47:21Z,d31fccc3-1767-390d-966a-22a5156f4219,,Guardian,Cruz300 Grant908
ce8f0d5d-2f0f-0c66-6a64-518b1e209f13,ce8f0d5d-2f0f-0c66-caa5-08b865d8dbed,1978-03-12T21:47:21Z,1979-03-11T21:47:21Z,d31fccc3-1767-390d-966a-22a5156f4219,,Guardian,Cruz300 Grant908
ce8f0d5d-2f0f-0c66-6a64-518b1e209f13,ce8f0d5d-2f0f-0c66-caa5-08b865d8dbed,1979-03-11T21:47:21Z,1980-03-09T21:47:21Z,d31fccc3-1767-390d-966a-22a5156f4219,,Guardian,Cruz300 Grant908
ce8f0d5d-2f0f-0c66-6a64-518b1e209f13,ce8f0d5d-2f0f-0c66-caa5-08b865d8dbed,1980-03-09T21:47:21Z,1981-03-08T21:47:21Z,d31fccc3-1767-390d-966a-22a5156f4219,,Guardian,Cruz300 Grant908
ce8f0d5d-2f0f-0c66-6a64-518b1e209f13,ce8f0d5d-2f0f-0c66-caa5-08b865d8dbed,1981-03-08T21:47:21Z,1982-03-07T21:47:21Z,d31fccc3-1767-390d-966a-22a5156f4219,,Guardian,
ce8f0d5d-2f0f-0c66-6a64-518b1e209f13,ce8f0d5d-2f0f-0c66-caa5-08b865d8dbed,1982-03-07T21:47:21Z,1983-03-13T21:47:21Z,d31fccc3-1767-390d-966a-22a5156f4219,,Guardian,Cruz300 Grant908
ce8f0d5d-2f0f-0c66-6a64-518b1e209f13,ce8f0d5d-2f0f-0c66-caa5-08b865d8dbed,1983-03-13T21:47:21Z,1984-03-11T21:47:21Z,d31fccc3-1767-390d-966a-22a5156f4219,,Guardian,Cruz300 Grant908
ce8f0d5d-2f0f-0c66-6a64-518b1e209f13,ce8f0d5d-2f0f-0c66-caa5-08b865d8dbed,1984-03-11T21:47:21Z,1985-03-10T21:47:21Z,d31fccc3-1767-390d-966a-22a5156f4219,,Guardian,Cruz300 Grant908
ce8f0d5d-2f0f-0c66-6a64-518b1e209f13,ce8f0d5d-2f0f-0c66-caa5-08b865d8dbed,1985-03-10T21:47:21Z,1986-03-09T21:47:21Z,d31fccc3-1767-390d-966a-22a5156f4219,,Guardian,Cruz300 Grant908
ce8f0d5d-2f0f-0c66-6a64-518b1e209f13,ce8f0d5d-2f0f-0c66-caa5-08b865d8dbed,1986-03-09T21:47:21Z,1987-03-08T21:47:21Z,d31fccc3-1767-390d-966a-22a5156f4219,,Guardian,Cruz300 Grant908
ce8f0d5d-2f0f-0c66-6a64-518b1e209f13,ce8f0d5d-2f0f-0c66-caa5-08b865d8dbed,1987-03-08T21:47:21Z,1988-03-13T21:47:21Z,d31fccc3-1767-390d-966a-22a5156f4219,,Guardian,Cruz300 Grant908
ce8f0d5d-2f0f-0c66-6a64-518b1e209f13,ce8f0d5d-2f0f-0c66-caa5-08b865d8dbed,1988-03-13T21:47:21Z,1989-03-12T21:47:21Z,d31fccc3-1767-390d-966a-22a5156f4219,,Guardian,Cruz300 Grant908
ce8f0d5d-2f0f-0c66-6a64-518b1e209f13,ce8f0d5d-2f0f-0c66-caa5-08b865d8dbed,1989-03-12T21:47:21Z,1990-03-11T21:47:21Z,d31fccc3-1767-390d-966a-22a5156f4219,,Guardian,Cruz300 Grant908
ce8f0d5d-2f0f-0c66-6a64-518b1e209f13,ce8f0d5d-2f0f-0c66-caa5-08b865d8dbed,1990-03-11T21:47:21Z,1991-03-10T21:47:21Z,d31fccc3-1767-390d-966a-22a5156f4219,,Guardian,Cruz300 Grant908
ce8f0d5d-2f0f-0c66-6a64-518b1e209f13,ce8f0d5d-2f0f-0c66-caa5-08b865d8dbed,1991-03-10T21:47:21Z,1992-03-08T21:47:21Z,d31fccc3-1767-390d-966a-22a5156f4219,,Guardian,Cruz300 Grant908
ce8f0d5d-2f0f-0c66-6a64-518b1e209f13,ce8f0d5d-2f0f-0c66-caa5-08b865d8dbed,1992-03-08T21:47:21Z,1993-03-07T21:47:21Z,d31fccc3-1767-390d-966a-22a5156f4219,,Guardian,Cruz300 Grant908
ce8f0d5d-2f0f-0c66-6a64-518b1e209f13,ce8f0d5d-2f0f-0c66-caa5-08b865d8dbed,1993-03-07T21:47:21Z,1994-03-13T21:47:21Z,d31fccc3-1767-390d-966a-22a5156f4219,,Guardian,Cruz300 Grant908
ce8f0d5d-2f0f-0c66-6a64-518b1e209f13,ce8f0d5d-2f0f-0c66-caa5-08b865d8dbed,1994-03-13T21:47:21Z,1995-03-12T21:47:21Z,d31fccc3-1767-390d-966a-22a5156f4219,,Guardian,Cruz300 Grant908
ce8f0d5d-2f0f-0c66-6a64-518b1e209f13,ce8f0d5d-2f0f-0c66-917c-71b73095d0a4,1995-03-12T21:47:21Z,1996-03-10T21:47:21Z,d31fccc3-1767-390d-966a-22a5156f4219,,Self,Johnie961 Grant908
ce8f0d5d-2f0f-0c66-6a64-518b1e209f13,ce8f0d5d-2f0f-0c66-3a48-1d8eaaddc56b,1996-03-10T21:47:21Z,1997-03-09T21:47:21Z,d31fccc3-1767-390d-966a-22a5156f4219,,Self,Johnie961 Grant908
ce8f0d5d-2f0f-0c66-6a64-518b1e209f13,ce8f0d5d-2f0f-0c66-5370-c53caeddc617,1997-03-09T21:47:21Z,1998-03-08T21:47:21Z,d31fccc3-1767-390d-966a-22a5156f4219,,Self,Johnie961 Grant908
ce8f0d5d-2f0f-0c66-6a64-518b1e209f13,ce8f0d5d-2f0f-0c66-3c59-30289694a286,1998-03-08T21:47:21Z,1999-03-07T21:47:21Z,d31fccc3-1767-390d-966a-22a5156f4219,,Self,Johnie961 Grant908
ce8f0d5d-2f0f-0c66-6a64-518b1e209f13,ce8f0d5d-2f0f-0c66-34fa-c8797639e8a8,1999-03-07T21:47:21Z,2000-03-12T21:47:21Z,d31fccc3-1767-390d-966a-22a5156f4219,,Self,Johnie961 Grant908
ce8f0d5d-2f0f-0c66-6a64-518b1e209f13,ce8f0d5d-2f0f-0c66-d46e-c65d32f2e771,2000-03-12T21:47:21Z,2001-03-11T21:47:21Z,d31fccc3-1767-390d-966a-22a5156f4219,,Self,Johnie961 Grant908
ce8f0d5d-2f0f-0c66-6a64-518b1e209f13,ce8f0d5d-2f0f-0c66-ed74-8735d971ff4d,2001-03-11T21:47:21Z,2002-03-10T21:47:21Z,d31fccc3-1767-390d-966a-22a5156f4219,,Self,Johnie961 Grant908
ce8f0d5d-2f0f-0c66-6a64-518b1e209f13,ce8f0d5d-2f0f-0c66-55c2-cc7703d4bf14,2002-03-10T21:47:21Z,2003-03-09T21:47:21Z,d31fccc3-1767-390d-966a-22a5156f4219,,Self,Johnie961 Grant908
ce8f0d5d-2f0f-0c66-6a64-518b1e209f13,ce8f0d5d-2f0f-0c66-124a-be1822768265,2003-03-09T21:47:21Z,2004-03-07T21:47:21Z,d31fccc3-1767-390d-966a-22a5156f4219,,Self,Johnie961 Grant908
ce8f0d5d-2f0f-0c66-6a64-518b1e209f13,ce8f0d5d-2f0f-0c66-56ef-dccaf1c700a9,2004-03-07T21:47:21Z,2005-03-13T21:47:21Z,d31fccc3-1767-390d-966a-22a5156f4219,,Self,Johnie961 Grant908
ce8f0d5d-2f0f-0c66-6a64-518b1e209f13,ce8f0d5d-2f0f-0c66-47da-b493d3c22780,2005-03-13T21:47:21Z,2006-03-12T21:47:21Z,d31fccc3-1767-390d-966a-22a5156f4219,,Self,Johnie961 Grant908
ce8f0d5d-2f0f-0c66-6a64-518b1e209f13,ce8f0d5d-2f0f-0c66-fa89-6a7c0f6d3d54,2006-03-12T21:47:21Z,2007-03-11T21:47:21Z,d31fccc3-1767-390d-966a-22a5156f4219,,Self,Johnie961 Grant908
ce8f0d5d-2f0f-0c66-6a64-518b1e209f13,ce8f0d5d-2f0f-0c66-a63a-332aa4347651,2007-03-11T21:47:21Z,2008-03-09T21:47:21Z,d31fccc3-1767-390d-966a-22a5156f4219,,Self,Johnie961 Grant908
ce8f0d5d-2f0f-0c66-6a64-518b1e209f13,ce8f0d5d-2f0f-0c66-57a1-8233b5046c8d,2008-03-09T21:47:21Z,2009-03-08T21:47:21Z,d31fccc3-1767-390d-966a-22a5156f4219,,Spouse,Mrs. Grant908
ce8f0d5d-2f0f-0c66-6a64-518b1e209f13,ce8f0d5d-2f0f-0c66-bf2d-a26ec6d9b1b4,2009-03-08T21:47:21Z,2010-03-07T21:47:21Z,d31fccc3-1767-390d-966a-22a5156f4219,,Spouse,Mrs. Grant908
ce8f0d5d-2f0f-0c66-6a64-518b1e209f13,ce8f0d5d-2f0f-0c66-6b81-e9cc6cac9823,2010-03-07T21:47:21Z,2011-03-13T21:47:21Z,d31fccc3-1767-390d-966a-22a5156f4219,,Self,Johnie961 Grant908
ce8f0d5d-2f0f-0c66-6a64-518b1e209f13,ce8f0d5d-2f0f-0c66-17ac-ec501cd24e6e,2011-03-13T21:47:21Z,2012-03-11T21:47:21Z,d31fccc3-1767-390d-966a-22a5156f4219,,Self,Johnie961 Grant908
ce8f0d5d-2f0f-0c66-6a64-518b1e209f13,ce8f0d5d-2f0f-0c66-eb5d-b4251707c4b9,2012-03-11T21:47:21Z,2013-03-10T21:47:21Z,d31fccc3-1767-390d-966a-22a5156f4219,,Self,Johnie961 Grant908
ce8f0d5d-2f0f-0c66-6a64-518b1e209f13,ce8f0d5d-2f0f-0c66-dfb5-d66aa2aff1ee,2013-03-10T21:47:21Z,2014-03-09T21:47:21Z,d31fccc3-1767-390d-966a-22a5156f4219,,Self,Johnie961 Grant908
ce8f0d5d-2f0f-0c66-6a64-518b1e209f13,ce8f0d5d-2f0f-0c66-dbbf-5794c7be35a5,2014-03-09T21:47:21Z,2015-03-08T21:47:21Z,d31fccc3-1767-390d-966a-22a5156f4219,,Self,Johnie961 Grant908
ce8f0d5d-2f0f-0c66-6a64-518b1e209f13,ce8f0d5d-2f0f-0c66-7665-82a36702ec63,2015-03-08T21:47:21Z,2016-03-13T21:47:21Z,d31fccc3-1767-390d-966a-22a5156f4219,,Spouse,Mrs. Grant908
ce8f0d5d-2f0f-0c66-6a64-518b1e209f13,ce8f0d5d-2f0f-0c66-7019-f1eb47cbf165,2016-03-13T21:47:21Z,2017-03-12T21:47:21Z,d31fccc3-1767-390d-966a-22a5156f4219,,Self,Johnie961 Grant908
ce8f0d5d-2f0f-0c66-6a64-518b1e209f13,ce8f0d5d-2f0f-0c66-c889-9506efb8b684,2017-03-12T21:47:21Z,2018-03-11T21:47:21Z,d31fccc3-1767-390d-966a-22a5156f4219,,Spouse,Mrs. Grant908
ce8f0d5d-2f0f-0c66-6a64-518b1e209f13,ce8f0d5d-2f0f-0c66-4afd-f50b85754fd8,2018-03-11T21:47:21Z,2019-03-10T21:47:21Z,d31fccc3-1767-390d-966a-22a5156f4219,,Spouse,Mrs. Grant908
ce8f0d5d-2f0f-0c66-6a64-518b1e209f13,ce8f0d5d-2f0f-0c66-b5bf-66bdabde59df,2019-03-10T21:47:21Z,2020-03-08T21:47:21Z,d31fccc3-1767-390d-966a-22a5156f4219,,Spouse,Mrs. Grant908
ce8f0d5d-2f0f-0c66-6a64-518b1e209f13,ce8f0d5d-2f0f-0c66-eec7-2d16e46df51b,2020-03-08T21:47:21Z,2021-03-07T21:47:21Z,d31fccc3-1767-390d-966a-22a5156f4219,,Self,Johnie961 Grant908
ce8f0d5d-2f0f-0c66-6a64-518b1e209f13,ce8f0d5d-2f0f-0c66-cb33-beb143fb0554,2021-03-07T21:47:21Z,2022-03-13T21:47:21Z,d31fccc3-1767-390d-966a-22a5156f4219,,Self,Johnie961 Grant908
ce8f0d5d-2f0f-0c66-6a64-518b1e209f13,ce8f0d5d-2f0f-0c66-ba3d-d1b0997ee5b8,2022-03-13T21:47:21Z,2023-03-12T21:47:21Z,d31fccc3-1767-390d-966a-22a5156f4219,,Spouse,Mrs. Grant908
ce8f0d5d-2f0f-0c66-6a64-518b1e209f13,ce8f0d5d-2f0f-0c66-9595-fad1b9110085,2023-03-12T21:47:21Z,2024-03-10T21:47:21Z,d31fccc3-1767-390d-966a-22a5156f4219,,Self,Johnie961 Grant908
ce8f0d5d-2f0f-0c66-6a64-518b1e209f13,ce8f0d5d-2f0f-0c66-cb1b-469dcc912c89,2024-03-10T21:47:21Z,2025-03-09T21:47:21Z,d31fccc3-1767-390d-966a-22a5156f4219,,Spouse,Mrs. Grant908
ce8f0d5d-2f0f-0c66-6a64-518b1e209f13,ce8f0d5d-2f0f-0c66-f905-8a49f62954b1,2025-03-09T21:47:21Z,2026-03-08T21:47:21Z,d31fccc3-1767-390d-966a-22a5156f4219,,Spouse,Mrs. Grant908
ce8f0d5d-2f0f-0c66-6a64-518b1e209f13,ce8f0d5d-2f0f-0c66-aac4-ec20d9047ecd,2026-03-08T21:47:21Z,2027-03-07T21:47:21Z,d31fccc3-1767-390d-966a-22a5156f4219,,Self,Johnie961 Grant908
23c94034-f050-04d5-c5a3-2d42bf3ccc7f,23c94034-f050-04d5-5ef1-858045b0b4fd,2024-11-03T07:02:46Z,2025-11-09T07:02:46Z,26aab0cd-6aba-3e1b-ac5b-05c8867e762c,,Guardian,Homer307 Bergnaum523
23c94034-f050-04d5-c5a3-2d42bf3ccc7f,23c94034-f050-04d5-5ef1-858045b0b4fd,2025-11-09T07:02:46Z,2026-11-03T07:02:46Z,26aab0cd-6aba-3e1b-ac5b-05c8867e762c,,Guardian,Homer307 Bergnaum523
06eb6dda-a918-928f-76cf-6bf370cf2014,06eb6dda-a918-928f-9616-acf76ebd086c,2017-12-17T02:15:34Z,2018-12-23T02:15:34Z,b046940f-1664-3047-bca7-dfa76be352a4,,Guardian,Jannie509 Hintz995
06eb6dda-a918-928f-76cf-6bf370cf2014,06eb6dda-a918-928f-9616-acf76ebd086c,2018-12-23T02:15:34Z,2019-12-22T02:15:34Z,b046940f-1664-3047-bca7-dfa76be352a4,,Guardian,Jannie509 Hintz995
06eb6dda-a918-928f-76cf-6bf370cf2014,06eb6dda-a918-928f-9616-acf76ebd086c,2019-12-22T02:15:34Z,2020-12-20T02:15:34Z,b046940f-1664-3047-bca7-dfa76be352a4,,Guardian,Jannie509 Hintz995
06eb6dda-a918-928f-76cf-6bf370cf2014,06eb6dda-a918-928f-9c7a-9262db5b7147,2020-12-20T02:15:34Z,2021-12-19T02:15:34Z,a735bf55-83e9-331a-899d-a82a60b9f60c,b046940f-1664-3047-bca7-dfa76be352a4,Self,Kenneth671 Ritchie586
06eb6dda-a918-928f-76cf-6bf370cf2014,06eb6dda-a918-928f-b83c-5dee0d6a34af,2021-12-19T02:15:34Z,2022-12-18T02:15:34Z,a735bf55-83e9-331a-899d-a82a60b9f60c,b046940f-1664-3047-bca7-dfa76be352a4,Self,Kenneth671 Ritchie586
06eb6dda-a918-928f-76cf-6bf370cf2014,06eb6dda-a918-928f-37a8-554947fca1d3,2022-12-18T02:15:34Z,2023-12-17T02:15:34Z,a735bf55-83e9-331a-899d-a82a60b9f60c,b046940f-1664-3047-bca7-dfa76be352a4,Self,Kenneth671 Ritchie586
06eb6dda-a918-928f-76cf-6bf370cf2014,06eb6dda-a918-928f-475b-8447831c53a3,2023-12-17T02:15:34Z,2024-12-22T02:15:34Z,a735bf55-83e9-331a-899d-a82a60b9f60c,b046940f-1664-3047-bca7-dfa76be352a4,Self,Kenneth671 Ritchie586
06eb6dda-a918-928f-76cf-6bf370cf2014,06eb6dda-a918-928f-2b99-8e610552bc7d,2024-12-22T02:15:34Z,2025-12-21T02:15:34Z,a735bf55-83e9-331a-899d-a82a60b9f60c,b046940f-1664-3047-bca7-dfa76be352a4,Self,Kenneth671 Ritchie586
06eb6dda-a918-928f-76cf-6bf370cf2014,06eb6dda-a918-928f-86b4-dcd23c0077ce,2025-12-21T02:15:34Z,2026-12-17T02:15:34Z,a735bf55-83e9-331a-899d-a82a60b9f60c,b046940f-1664-3047-bca7-dfa76be352a4,Self,Kenneth671 Ritchie586
