Id,ORGANIZATION,NAME,GENDER,SPECIALITY,ADDRESS,CITY,STATE,ZIP,LAT,LON,ENCOUNTERS,PROCEDURES
3050af6e-c011-3c03-b396-eee932098529,7edd5482-7e46-3757-82de-52ad028f7dca,Elvia127 Miller503,F,GENERAL PRACTICE,900 FRANKLIN AVE,VALLEY STREAM,NY,115802145,40.6815493,-73.68645927443026,16,0
faee4528-e832-37cf-af08-ce4295814a61,d3d5e55e-a9f8-35dd-9477-ca6454202cf0,Silas208 Stamm704,M,GENERAL PRACTICE,333 KINGSLEY RD,BURNT HILLS,NY,120279509,42.9122246,-73.89596824172146,22,0
9f45f4ef-645a-37f8-a7c9-759b9ad559b5,b2b940c3-17f1-305c-9b52-6a35d1487360,Marylee823 Mohr916,F,GENERAL PRACTICE,670 WHITE PLAINS ROAD   SUITE 213,SCARSDALE,NY,105835024,40.964521,-73.748235,3,0
1c3d58c6-c950-3c96-b499-55d4f5f14b0b,c3fdf07c-4ba2-301b-8291-7e279679c67c,Olen518 Nienow652,M,GENERAL PRACTICE,702 DAVISON RD,LOCKPORT,NY,140945371,43.158296,-78.66513724754903,34,0
6de31256-b2ad-3563-b0dc-1eea413e3bed,4e3f3116-aaa0-3281-a19e-32560a8119d2,Tonda472 Dach178,F,GENERAL PRACTICE,120 LAVAN ST STE 1,HARRISON,NY,105281613,40.9689871,-73.71263,40,0
faaea3e2-1b5a-3324-a4b3-0fbc3adaa9e4,6e837e35-27b2-36cd-942f-fdc14be9589d,Shanell37 Hand679,F,GENERAL PRACTICE,1101 NOTT ST,SCHENECTADY,NY,123082425,42.820213249999995,-73.91646093090648,13,0
889de383-8473-33f5-a918-1b822a56bead,91ce0760-d028-3e0f-ab22-17cc23334533,Sanda877 Witting912,F,GENERAL PRACTICE,4540 LINCOLN DRIVE,GASPORT,NY,140679212,43.19336745,-78.57399925020313,7,0
5ed4b340-c9e6-346f-a056-dd612253c645,93ef44de-01f9-3805-a0b9-96f1cfa60029,Garth972 Mueller846,M,GENERAL PRACTICE,374 STOCKHOLM  STREET,BRO OKLYN,NY,112374512,40.704144150000005,-73.91770759237289,443,0
0808304c-fead-340e-b52e-96ad58af6a9a,4795614b-6e42-3618-b99b-970d3f70b7a3,Mickey576 Kris249,M,GENERAL PRACTICE,50 SHEFFIELD AVENUE,BROOKLYN,NY,112072420,40.6764064,-73.89831838439326,3,0
2e190550-b660-3228-a23c-dc3466037126,fe61f80c-951c-3dfb-8704-ae1da96fef2e,Anh979 Schroeder447,F,GENERAL PRACTICE,16 GUION PL,NEW ROcHELLE,NY,108015502,40.913143649999995,-73.78805933427125,31,0
395ae0ac-b06d-3e32-ad84-cdc46f6f6b4f,767abec6-ce06-3b98-a9de-3a3dbb1c06d3,Archie818 O'Keefe54,M,GENERAL PRACTICE,16 GUION PLACE,NEW ROCHELLE,NY,108015502,40.913143649999995,-73.78805933427125,1,0
82bc312c-5140-37fe-a179-5ebad3a13196,c96d6792-27a3-3ef4-83f2-bb68e71023df,Shiloh191 Larson43,F,GENERAL PRACTICE,521 EAST AVE,LOCKPORT,NY,140946340,43.17766005,-78.67141650070491,142,0
4da784b4-106a-3b08-a365-ec48ced9707f,b8b7bf8b-b60f-3b07-8117-b4b17363e4ca,Ammie189 Kuvalis369,F,GENERAL PRACTICE,310 EAST 14TH STREET,NEW YORK,NY,100105615,40.7318799,-73.9845807,12,0
01c67114-4dff-3e46-9b2d-38dc05c019fa,e64207ba-0d19-3a1f-b4bd-e5571b831dd3,Anita473 Barreto785,F,GENERAL PRACTICE,1220 PENINSULA BLVD,HEWLETT,NY,115571224,40.6431576,-73.7064256,19,0
913580c2-6ca9-3fcc-a0e0-57744699ce24,e665d75e-e01d-3b5f-943e-a6347280086d,Lilia791 Zavala169,F,GENERAL PRACTICE,1275 YORK AVE,WEST HARRISON,NY,106043200,41.04306735,-73.74790193583388,72,0
817b5927-2988-302e-af60-4d0b7e0de251,775fd387-94cb-3058-adc1-871f8aef9045,Trey250 Wintheiser220,M,GENERAL PRACTICE,281 WHITE PLAINS RD,EASTCHESTER,NY,107094407,40.948995,-73.818371,22,0
9bc90922-c2de-322e-a36c-008eb1a7bdf3,00729029-3fb5-32ff-b7b4-cf511379c64a,Calandra120 Hackett68,F,GENERAL PRACTICE,7801 MYRTLE AVE,GLENDALE,NY,113857439,40.702001,-73.880077,34,0
154361de-b3c9-3674-8ff3-0f420192988a,ffe115f0-752c-3724-b986-57f9df18078a,Dorsey40 Stark857,M,GENERAL PRACTICE,9 NATHAN D PERLMAN PL,NEW YORK,NY,100033851,40.733434760416664,-73.98298360416666,8,0
13b774a4-f1f1-35fc-9c15-337161433bbe,30721694-3390-3f48-a696-946a05b94968,Minh326 Smitham825,M,GENERAL PRACTICE,111 E 210TH ST,NEW YORK,NY,100351621,40.8800853,-73.8798439,202,0
f16eb5e7-f3cb-3b61-b8dc-be8172542a44,74186f3f-523b-3157-a8c6-6e104d106cb5,Len277 Medhurst46,M,GENERAL PRACTICE,31 LOCKWOOD AVE,NEW ROCHELLE,NY,108015023,40.91466255,-73.7861729,1,0
3426301a-3113-39d3-944e-d1766e6f8bd4,07649fd1-c4de-3075-9308-be02b756f191,Rolland302 Hoppe518,M,GENERAL PRACTICE,1915-25 CENTRAL PARK AVE,YONKERS,NY,107102949,40.9640175,-73.8395975,1,0
3e85ad95-a63b-3e3b-bcbd-d9e5c69cea5c,e178d6bb-518a-3487-acef-8019207de6f5,Ila598 Boyer713,F,GENERAL PRACTICE,900 FRANKLIN AVE,VALLEY STREAM,NY,115802145,40.6815493,-73.68645927443026,269,0
39b1cdc4-1ebb-35a1-bba7-2c9614175d2c,c958be17-14d8-3fc0-995a-9b952974be91,Kelle203 Terry864,F,GENERAL PRACTICE,170 MAPLE AVE,WHITE PLAINS,NY,106052523,41.025080200000005,-73.7695823453843,43,0
9d25b9ed-2f7c-3d50-ba26-5cdc7212151c,4e154441-6b56-369c-8001-c6aa0499a3af,Kandace783 Durgan499,F,GENERAL PRACTICE,1030 W BOSTON POST RD,WHITE PLAINS,NY,106071465,41.0339862,-73.7629097,4,0
23fd3e75-e418-3c9f-a147-b93ecb29c335,9e0f2068-568b-3fff-8903-bea515c3218d,Genaro214 Boehm581,M,GENERAL PRACTICE,7264 NASH RD,NORTH TONAWANDA,NY,141201508,43.0748485,-78.86713341424085,52,0
5ece97a8-0332-39a6-a070-70c0a727b695,d503ca3a-4000-3a9c-b21c-ed80a23da354,Cecil300 Little434,F,GENERAL PRACTICE,3356 PERRY AVENUE,BRONX,NY,104673204,40.87855165,-73.8742818661442,5,0
7d80b4ac-e8fa-3a34-bbc5-1774437fafc1,dc600fd8-ab8a-3b44-aeb0-d36fad382e69,Vicki422 Conroy74,F,GENERAL PRACTICE,405 RXR PLZ,MALVERNE,NY,115651223,40.6789916,-73.6740191,17,0
782c5171-b196-33f0-81e0-39b5effa5c32,ce6d79ed-6c4d-3ddd-aedb-c73f90d491b6,Nigel915 Gleichner915,M,GENERAL PRACTICE,1 WARTBURG PLACE  HAUSELT BUILDING  1ST FLOOR,MOUNT VERNON,NY,105523821,40.9195222,-73.8129933,3,0
9fd8655f-1200-3316-84e9-d68907f40f68,1bb4104c-d97b-331a-833f-e7294f43cc9d,Paris331 Ruecker817,M,GENERAL PRACTICE,1101 NOTT ST,SCHENECTADY,NY,123082425,42.820213249999995,-73.91646093090648,6,0
b73d5fef-7a76-334c-af1c-4d3803aa6288,581a8572-6b21-32e1-84bb-7d82fc6c047c,Angelina101 Batz141,F,GENERAL PRACTICE,825 E 233RD ST,BRONX,NY,104663203,40.8923419,-73.8535295,79,0
5aabe8ce-ac28-3172-a0af-663137c7f5f5,99204b0a-62e2-34dc-b3f6-290819949428,Danilo179 Kassulke119,M,GENERAL PRACTICE,41 E POST RD,WHITE PLAINS,NY,106052523,41.025814,-73.76931900105475,110,0
35c07dc2-7792-39ae-8623-734c6fbc3781,c452dcb0-3f7d-3783-8c2b-d77c71f9140f,Manuela585 Benítez559,F,GENERAL PRACTICE,621 10TH ST,NORTH TONAWANDA,NY,141202840,43.0407742,-78.8660527,193,0
e4c8d629-5110-3b31-ab85-e2b4da6107c0,c04a796d-bc42-3364-891e-c1209f001537,Racheal820 Barton704,F,GENERAL PRACTICE,900 FRANKLIN AVENUE,VALLEY STREAM,NY,115802145,40.6815493,-73.68645927443026,27,0
