Id,DATE,PATIENT,ENCOUNTER,SERIES_UID,BODYSITE_CODE,BODYSITE_DESCRIPTION,MODALITY_CODE,MODALITY_DESCRIPTION,INSTANCE_UID,SOP_CODE,SOP_DESCRIPTION,PROCEDURE_CODE
922fb35e-148d-9e82-af5f-2309ec29e09d,2018-02-01T20:36:22Z,922fb35e-148d-9e82-7e65-bfa05e3b3515,922fb35e-148d-9e82-f170-735ad33c5bd5,1.2.840.99999999.1.81138026.1517517382554,700016008,Structure of region of internal part of mouth (body structure),DX,Digital Radiography,1.2.840.99999999.1.1.47915337.1517517382554,1.2.840.10008.5.1.4.1.1.1.3,Digital Intra-Oral X-Ray Image Storage - For Presentation,241046008
922fb35e-148d-9e82-5f01-a89fb7d79d6f,2024-02-08T20:40:07Z,922fb35e-148d-9e82-7e65-bfa05e3b3515,922fb35e-148d-9e82-605c-28ee57b356a1,1.2.840.99999999.1.57241000.1707424807554,700016008,Structure of region of internal part of mouth (body structure),DX,Digital Radiography,1.2.840.99999999.1.1.25337913.1707424807554,1.2.840.10008.5.1.4.1.1.1.3,Digital Intra-Oral X-Ray Image Storage - For Presentation,241046008
6aed9210-c500-4375-6bd1-c40a4ecb60be,2024-10-15T23:26:21Z,6aed9210-c500-4375-b0fc-3374c40b8591,6aed9210-c500-4375-f98a-b8fbe6944598,1.2.840.99999999.1.89963025.1729034781006,700016008,Structure of region of internal part of mouth (body structure),DX,Digital Radiography,1.2.840.99999999.1.1.82298474.1729034781006,1.2.840.10008.5.1.4.1.1.1.3,Digital Intra-Oral X-Ray Image Storage - For Presentation,241046008
6aed9210-c500-4375-62bd-f8a23b13d9c7,2025-08-26T23:08:11Z,6aed9210-c500-4375-b0fc-3374c40b8591,6aed9210-c500-4375-722a-d4e9e6219624,1.2.840.99999999.1.88798998.1756249691006,700016008,Structure of region of internal part of mouth (body structure),DX,Digital Radiography,1.2.840.99999999.1.1.90553772.1756249691006,1.2.840.10008.5.1.4.1.1.1.3,Digital Intra-Oral X-Ray Image Storage - For Presentation,241046008
6f45f2e9-a617-570a-c517-15535c63a448,2017-04-27T08:53:01Z,6f45f2e9-a617-570a-8867-dec1260088bb,6f45f2e9-a617-570a-1585-d870e5b8e140,1.2.840.99999999.1.35596206.1493283181692,700016008,Structure of region of internal part of mouth (body structure),DX,Digital Radiography,1.2.840.99999999.1.1.49820839.1493283181692,1.2.840.10008.5.1.4.1.1.1.3,Digital Intra-Oral X-Ray Image Storage - For Presentation,241046008
6f45f2e9-a617-570a-e9d6-9fbbc480f3a9,2020-01-20T06:34:20Z,6f45f2e9-a617-570a-8867-dec1260088bb,6f45f2e9-a617-570a-2227-7d5c52f82128,1.2.840.99999999.1.41166290.1579502060692,72696002,Knee region structure (body structure),DX,Digital Radiography,1.2.840.99999999.1.1.27032813.1579502060692,1.2.840.10008.5.1.4.1.1.1.1,Digital X-Ray Image Storage,1290407002
6f45f2e9-a617-570a-1ccd-4f369c4ed502,2025-01-13T06:34:20Z,6f45f2e9-a617-570a-8867-dec1260088bb,6f45f2e9-a617-570a-1743-6d0272447c5e,1.2.840.99999999.1.55611308.1736750060692,344001,Ankle region structure (body structure),DX,Digital Radiography,1.2.840.99999999.1.1.21538549.1736750060692,1.2.840.10008.5.1.4.1.1.1.1,Digital X-Ray Image Storage,1290459008
d57841fa-c9e2-a3d1-8d8e-37cdb64414b8,2018-07-08T22:04:36Z,d57841fa-c9e2-a3d1-0e78-09bdbe4eed66,d57841fa-c9e2-a3d1-0c73-49739873e4c2,1.2.840.99999999.1.11021882.1531087476204,700016008,Structure of region of internal part of mouth (body structure),DX,Digital Radiography,1.2.840.99999999.1.1.70602916.1531087476204,1.2.840.10008.5.1.4.1.1.1.3,Digital Intra-Oral X-Ray Image Storage - For Presentation,241046008
d57841fa-c9e2-a3d1-7dc5-b6dda6c5f24f,2019-07-21T23:00:57Z,d57841fa-c9e2-a3d1-0e78-09bdbe4eed66,d57841fa-c9e2-a3d1-6562-e3878b5e1b95,1.2.840.99999999.1.27790677.1563750057204,700016008,Structure of region of internal part of mouth (body structure),DX,Digital Radiography,1.2.840.99999999.1.1.53193215.1563750057204,1.2.840.10008.5.1.4.1.1.1.3,Digital Intra-Oral X-Ray Image Storage - For Presentation,241046008
d57841fa-c9e2-a3d1-479d-1c5a0b704cbc,2020-07-19T22:48:13Z,d57841fa-c9e2-a3d1-0e78-09bdbe4eed66,d57841fa-c9e2-a3d1-38d7-f250ddb61e3c,1.2.840.99999999.1.60048693.1595198893204,700016008,Structure of region of internal part of mouth (body structure),DX,Digital Radiography,1.2.840.99999999.1.1.49662207.1595198893204,1.2.840.10008.5.1.4.1.1.1.3,Digital Intra-Oral X-Ray Image Storage - For Presentation,241046008
d57841fa-c9e2-a3d1-0ee2-4ebf29ca6529,2025-08-17T22:21:47Z,d57841fa-c9e2-a3d1-0e78-09bdbe4eed66,d57841fa-c9e2-a3d1-f568-7eea0eeb9822,1.2.840.99999999.1.50427405.1755469307204,700016008,Structure of region of internal part of mouth (body structure),DX,Digital Radiography,1.2.840.99999999.1.1.13129786.1755469307204,1.2.840.10008.5.1.4.1.1.1.3,Digital Intra-Oral X-Ray Image Storage - For Presentation,241046008
75d6a35c-c2e1-5b9f-c216-45f028ca86f9,2016-12-02T16:33:18Z,75d6a35c-c2e1-5b9f-e7f8-6a5b05af8fc8,75d6a35c-c2e1-5b9f-e051-36e8174db4a5,1.2.840.99999999.1.43626115.1480696398338,700016008,Structure of region of internal part of mouth (body structure),DX,Digital Radiography,1.2.840.99999999.1.1.38307169.1480696398338,1.2.840.10008.5.1.4.1.1.1.3,Digital Intra-Oral X-Ray Image Storage - For Presentation,241046008
75d6a35c-c2e1-5b9f-1a61-a6091059ace4,2021-12-31T16:59:46Z,75d6a35c-c2e1-5b9f-e7f8-6a5b05af8fc8,75d6a35c-c2e1-5b9f-79b4-82950c80a3ca,1.2.840.99999999.1.50943161.1640969986338,700016008,Structure of region of internal part of mouth (body structure),DX,Digital Radiography,1.2.840.99999999.1.1.18918219.1640969986338,1.2.840.10008.5.1.4.1.1.1.3,Digital Intra-Oral X-Ray Image Storage - For Presentation,241046008
75d6a35c-c2e1-5b9f-571a-edd904052ced,2026-01-30T17:19:06Z,75d6a35c-c2e1-5b9f-e7f8-6a5b05af8fc8,75d6a35c-c2e1-5b9f-7911-8620f563eae3,1.2.840.99999999.1.55494776.1769793546338,700016008,Structure of region of internal part of mouth (body structure),DX,Digital Radiography,1.2.840.99999999.1.1.26616868.1769793546338,1.2.840.10008.5.1.4.1.1.1.3,Digital Intra-Oral X-Ray Image Storage - For Presentation,241046008
3236b1f8-2bc1-3e38-c8cd-a0cddb67a733,2017-10-06T06:33:59Z,3236b1f8-2bc1-3e38-c539-a29407c6a206,3236b1f8-2bc1-3e38-2cb0-529751754ced,1.2.840.99999999.1.94577985.1507271639057,700016008,Structure of region of internal part of mouth (body structure),DX,Digital Radiography,1.2.840.99999999.1.1.80542833.1507271639057,1.2.840.10008.5.1.4.1.1.1.3,Digital Intra-Oral X-Ray Image Storage - For Presentation,241046008
3236b1f8-2bc1-3e38-1c9f-0c8a80b36ef0,2018-10-12T06:23:59Z,3236b1f8-2bc1-3e38-c539-a29407c6a206,3236b1f8-2bc1-3e38-ba6e-10feb79bb5e9,1.2.840.99999999.1.23308258.1539325439057,700016008,Structure of region of internal part of mouth (body structure),DX,Digital Radiography,1.2.840.99999999.1.1.13993005.1539325439057,1.2.840.10008.5.1.4.1.1.1.3,Digital Intra-Oral X-Ray Image Storage - For Presentation,241046008
3236b1f8-2bc1-3e38-0d0d-d25c614439c0,2019-10-18T07:12:01Z,3236b1f8-2bc1-3e38-c539-a29407c6a206,3236b1f8-2bc1-3e38-6269-ec7669456155,1.2.840.99999999.1.15254418.1571382721057,700016008,Structure of region of internal part of mouth (body structure),DX,Digital Radiography,1.2.840.99999999.1.1.83125235.1571382721057,1.2.840.10008.5.1.4.1.1.1.3,Digital Intra-Oral X-Ray Image Storage - For Presentation,241046008
3236b1f8-2bc1-3e38-8933-3b7a09620c97,11/04/2022T07:16:15Z,3236b1f8-2bc1-3e38-c539-a29407c6a206,3236b1f8-2bc1-3e38-b9ef-910d571bb623,1.2.840.99999999.1.14422216.1667546175057,700016008,Structure of region of internal part of mouth (body structure),DX,Digital Radiography,1.2.840.99999999.1.1.97897727.1667546175057,1.2.840.10008.5.1.4.1.1.1.3,Digital Intra-Oral X-Ray Image Storage - For Presentation,241046008
3236b1f8-2bc1-3e38-d1a3-c871971934a5,2023-11-10T06:08:46Z,3236b1f8-2bc1-3e38-c539-a29407c6a206,3236b1f8-2bc1-3e38-98a1-98d6f988ad5b,1.2.840.99999999.1.57511963.1699596526057,700016008,Structure of region of internal part of mouth (body structure),DX,Digital Radiography,1.2.840.99999999.1.1.59432662.1699596526057,1.2.840.10008.5.1.4.1.1.1.3,Digital Intra-Oral X-Ray Image Storage - For Presentation,241046008
a296a2ba-b1ad-a3c5-164c-9d369a5a2635,2005-05-23T00:05:40Z,a296a2ba-b1ad-a3c5-d172-aa3dfdbcdab9,a296a2ba-b1ad-a3c5-0fc7-e5926e81cc4b,1.2.840.99999999.1.73841258.1116806740181,700016008,Structure of region of internal part of mouth (body structure),DX,Digital Radiography,1.2.840.99999999.1.1.58606620.1116806740181,1.2.840.10008.5.1.4.1.1.1.3,Digital Intra-Oral X-Ray Image Storage - For Presentation,241046008
a296a2ba-b1ad-a3c5-70f4-92123cc48932,2018-11-12T01:31:22Z,a296a2ba-b1ad-a3c5-d172-aa3dfdbcdab9,a296a2ba-b1ad-a3c5-ad60-a0564eca413b,1.2.840.99999999.1.69200341.1541986282181,700016008,Structure of region of internal part of mouth (body structure),DX,Digital Radiography,1.2.840.99999999.1.1.84514024.1541986282181,1.2.840.10008.5.1.4.1.1.1.3,Digital Intra-Oral X-Ray Image Storage - For Presentation,241046008
a296a2ba-b1ad-a3c5-4ec3-2874aaa19726,2021-07-06T06:50:59Z,a296a2ba-b1ad-a3c5-d172-aa3dfdbcdab9,a296a2ba-b1ad-a3c5-90f0-c0eecdea6093,1.2.840.99999999.1.73572128.1625554259181,700016008,Structure of region of internal part of mouth (body structure),DX,Digital Radiography,1.2.840.99999999.1.1.25835923.1625554259181,1.2.840.10008.5.1.4.1.1.1.3,Digital Intra-Oral X-Ray Image Storage - For Presentation,241046008
ce8f0d5d-2f0f-0c66-4c9e-283dbb03fcff,2018-04-08T23:35:22Z,ce8f0d5d-2f0f-0c66-6a64-518b1e209f13,ce8f0d5d-2f0f-0c66-f07c-a382bec2ed5d,1.2.840.99999999.1.13267865.1523230522747,700016008,Structure of region of internal part of mouth (body structure),DX,Digital Radiography,1.2.840.99999999.1.1.49145518.1523230522747,1.2.840.10008.5.1.4.1.1.1.3,Digital Intra-Oral X-Ray Image Storage - For Presentation,241046008
ce8f0d5d-2f0f-0c66-67c5-6e2d7c9c14eb,2022-04-10T23:33:05Z,ce8f0d5d-2f0f-0c66-6a64-518b1e209f13,ce8f0d5d-2f0f-0c66-aa75-12a045cdaca6,1.2.840.99999999.1.14988470.1649633585747,700016008,Structure of region of internal part of mouth (body structure),DX,Digital Radiography,1.2.840.99999999.1.1.58373904.1649633585747,1.2.840.10008.5.1.4.1.1.1.3,Digital Intra-Oral X-Ray Image Storage - For Presentation,241046008
06eb6dda-a918-928f-23a2-94ea749326a9,2021-05-30T04:20:30Z,06eb6dda-a918-928f-76cf-6bf370cf2014,06eb6dda-a918-928f-167b-24d2cb1d3507,1.2.840.99999999.1.45287051.1622348430689,700016008,Structure of region of internal part of mouth (body structure),DX,Digital Radiography,1.2.840.99999999.1.1.10485179.1622348430689,1.2.840.10008.5.1.4.1.1.1.3,Digital Intra-Oral X-Ray Image Storage - For Presentation,241046008
06eb6dda-a918-928f-644d-68e814c2a1d0,2024-12-15T04:25:46Z,06eb6dda-a918-928f-76cf-6bf370cf2014,06eb6dda-a918-928f-251d-81f853a6bd45,1.2.840.99999999.1.69364376.1734236746689,700016008,Structure of region of internal part of mouth (body structure),DX,Digital Radiography,1.2.840.99999999.1.1.99294589.1734236746689,1.2.840.10008.5.1.4.1.1.1.3,Digital Intra-Oral X-Ray Image Storage - For Presentation,241046008
06eb6dda-a918-928f-a794-62324384e741,2025-12-21T03:44:17Z,06eb6dda-a918-928f-76cf-6bf370cf2014,06eb6dda-a918-928f-b9ac-c8ae1cd4f27d,1.2.840.99999999.1.90207366.1766288657689,700016008,Structure of region of internal part of mouth (body structure),DX,Digital Radiography,1.2.840.99999999.1.1.37050355.1766288657689,1.2.840.10008.5.1.4.1.1.1.3,Digital Intra-Oral X-Ray Image Storage - For Presentation,241046008
