DATE,PATIENT,ENCOUNTER,CODE,DESCRIPTION,BASE_COST
2018-01-18T18:53:52Z,922fb35e-148d-9e82-7e65-bfa05e3b3515,922fb35e-148d-9e82-b618-fe12266597bd,140,Influenza  split virus  trivalent  PF,136.00
2018-01-18T18:53:52Z,922fb35e-148d-9e82-7e65-bfa05e3b3515,922fb35e-148d-9e82-b618-fe12266597bd,113,Td (adult)  5 Lf tetanus toxoid  preservative free  adsorbed,136.00
2021-01-21T18:53:52Z,922fb35e-148d-9e82-7e65-bfa05e3b3515,922fb35e-148d-9e82-1563-fc2eda5ba518,140,Influenza  split virus  trivalent  PF,136.00
2021-01-21T18:53:52Z,922fb35e-148d-9e82-7e65-bfa05e3b3515,922fb35e-148d-9e82-1563-fc2eda5ba518,208,COVID-19  mRNA  LNP-S  PF  30 mcg/0.3 mL dose,136.00
2021-02-11T18:53:52Z,922fb35e-148d-9e82-7e65-bfa05e3b3515,922fb35e-148d-9e82-523d-824bb03f667f,208,COVID-19  mRNA  LNP-S  PF  30 mcg/0.3 mL dose,136.00
2024-01-25T18:53:52Z,922fb35e-148d-9e82-7e65-bfa05e3b3515,922fb35e-148d-9e82-99f1-8aa36d18014e,140,Influenza  split virus  trivalent  PF,136.00
2017-08-22T21:42:53Z,6aed9210-c500-4375-b0fc-3374c40b8591,6aed9210-c500-4375-3842-8b8fcbeac34d,140,Influenza  split virus  trivalent  PF,136.00
2018-08-28T21:42:53Z,6aed9210-c500-4375-b0fc-3374c40b8591,6aed9210-c500-4375-aa67-7f659b12e262,140,Influenza  split virus  trivalent  PF,136.00
2019-09-03T21:42:53Z,6aed9210-c500-4375-b0fc-3374c40b8591,6aed9210-c500-4375-a8cd-28febfe1b892,140,Influenza  split virus  trivalent  PF,136.00
2020-09-08T21:42:53Z,6aed9210-c500-4375-b0fc-3374c40b8591,6aed9210-c500-4375-1ea7-678e450a81e9,140,Influenza  split virus  trivalent  PF,136.00
2021-04-13T21:42:53Z,6aed9210-c500-4375-b0fc-3374c40b8591,6aed9210-c500-4375-c0cf-2e1d9a80f6c8,212,COVID-19 vaccine  vector-nr  rS-Ad26  PF  0.5 mL,136.00
2021-09-14T21:42:53Z,6aed9210-c500-4375-b0fc-3374c40b8591,6aed9210-c500-4375-fc78-e6f3cf7f7813,140,Influenza  split virus  trivalent  PF,136.00
2022-09-20T21:42:53Z,6aed9210-c500-4375-b0fc-3374c40b8591,6aed9210-c500-4375-dd83-2880898a7646,140,Influenza  split virus  trivalent  PF,136.00
2023-09-26T21:42:53Z,6aed9210-c500-4375-b0fc-3374c40b8591,6aed9210-c500-4375-94fb-8fea6a7d9f20,140,Influenza  split virus  trivalent  PF,136.00
2024-10-01T21:42:53Z,6aed9210-c500-4375-b0fc-3374c40b8591,6aed9210-c500-4375-b509-44883307fd2b,140,Influenza  split virus  trIvalent  PF,136.00
2025-08-12T21:42:53Z,6aed9210-c500-4375-b0fc-3374c40b8591,6aed9210-c500-4375-eb94-48b87c1d415c,140,Influenza  split virus  trivalent  PF,136.00
2025-08-12T21:42:53Z,6aed9210-c500-4375-b0fc-3374c40b8591,6aed9210-c500-4375-eb94-48b87c1d415c,52,Hep A  adult,136.00
2017-04-20T06:34:20Z,6f45f2e9-a617-570a-8867-dec1260088bb,6f45f2e9-a617-570a-65af-c533e3c03201,140,Influenza  split virus  trivalent  PF,136.00
2018-04-26T06:34:20Z,6f45f2e9-a617-570a-8867-dec1260088bb,6f45f2e9-a617-570a-1231-3a659f710f50,21,varicella,136.00
2018-04-26T06:34:20Z,6f45f2e9-a617-570a-8867-dec1260088bb,6f45f2e9-a617-570a-1231-3a659f710f50,10,IPV,136.00
2018-04-26T06:34:20Z,6f45f2e9-a617-570a-8867-dec1260088bb,6f45f2e9-a617-570a-1231-3a659f710f50,140,Influenza  split virus  trivalent  PF,136.00
2018-04-26T06:34:20Z,6f45f2e9-a617-570a-8867-dec1260088bb,6f45f2e9-a617-570a-1231-3a659f710f50,20,,136.00
2018-04-26T06:34:20Z,6f45f2e9-a617-570a-8867-dec1260088bb,6f45f2e9-a617-570a-1231-3a659f710f50,03,MMR,136.00
2019-05-02T06:34:20Z,6f45f2e9-a617-570a-8867-dec1260088bb,6f45f2e9-a617-570a-0732-9d98439e290c,140,Influenza  split virus  trivalent  PF,136.00
2020-05-07T06:34:20Z,6f45f2e9-a617-570a-8867-dec1260088bb,6f45f2e9-a617-570a-1adf-6d02acf0c51d,140,Influenza  split virus  trivalent  PF,136.00
2021-05-13T06:34:20Z,6f45f2e9-a617-570a-8867-dec1260088bb,6f45f2e9-a617-570a-2cc0-8b5d2b0fa66e,140,Influenza  split virus  trivalent  PF,136.00
2022-05-19T06:34:20Z,6f45f2e9-a617-570a-8867-dec1260088bb,6f45f2e9-a617-570a-a799-0a378ebf567c,140,Influenza  split virus  trivalent  PF,136.00
2023-05-25T06:34:20Z,6f45f2e9-a617-570a-8867-dec1260088bb,6f45f2e9-a617-570a-542d-aa11389be885,140,Influenza  split virus  trivalent  PF,136.00
2024-05-30T06:34:20Z,6f45f2e9-a617-570a-8867-dec1260088bb,6f45f2e9-a617-570a-027c-293417fabeaf,115,,136.00
30/05/2024T06:34:20Z,6f45f2e9-a617-570a-8867-dec1260088bb,6f45f2e9-a617-570a-027c-293417fabeaf,140,Influenza  split virus  trivalent  PF,136.00
2024-05-30T06:34:20Z,6f45f2e9-a617-570a-8867-dec1260088bb,6f45f2e9-a617-570a-027c-293417fabeaf,62,HPV  quadrivalent,136.00
2024-05-30T06:34:20Z,6f45f2e9-a617-570a-8867-dec1260088bb,6f45f2e9-a617-570a-027c-293417fabeaf,114,meningococcal MCV4P,136.00
2025-06-05T06:34:20Z,6f45f2e9-a617-570a-8867-dec1260088bb,6f45f2e9-a617-570a-b451-f25b0a269d31,140,Influenza  split virus  trivalent  PF,136.00
2025-06-05T06:34:20Z,6f45f2e9-a617-570a-8867-dec1260088bb,6f45f2e9-a617-570a-b451-f25b0a269d31,62,HPV  quadrivalent,136.00
2026-06-11T06:34:20Z,6f45f2e9-a617-570a-8867-dec1260088bb,6f45f2e9-a617-570a-e706-4091b8895168,140,Influenza  split virus  trivalent  PF,136.00
2026-06-11T06:34:20Z,6f45f2e9-a617-570a-8867-dec1260088bb,6f45f2e9-a617-570a-e706-4091b8895168,62,HPV  quadrivalent,136.00
18/06/2017T20:49:24Z,d57841fa-c9e2-a3d1-0e78-09bdbe4eed66,d57841fa-c9e2-a3d1-cb45-134849ede762,140,Influenza  split virus  trivalent  PF,136.00
2018-06-24T20:49:24Z,d57841fa-c9e2-a3d1-0e78-09bdbe4eed66,d57841fa-c9e2-a3d1-0932-bd4d6c7c0257,140,Influenza  split virus  trivalent  PF,136.00
2019-06-30T20:49:24Z,d57841fa-c9e2-a3d1-0e78-09bdbe4eed66,d57841fa-c9e2-a3d1-7aa4-8b79643052cb,140,Influenza  split virus  trivalent  PF,136.00
2020-07-05T20:49:24Z,d57841fa-c9e2-a3d1-0e78-09bdbe4eed66,d57841fa-c9e2-a3d1-6d02-b59528487972,140,Influenza  split virus  trivalent  PF,136.00
2021-04-11T20:49:24Z,d57841fa-c9e2-a3d1-0e78-09bdbe4eed66,d57841fa-c9e2-a3d1-ec3a-53c3208fca85,208,COVID-19  mRNA  LNP-S  PF  30 mcg/0.3 mL dose,136.00
2021-05-02T20:49:24Z,d57841fa-c9e2-a3d1-0e78-09bdbe4eed66,d57841fa-c9e2-a3d1-299f-20f7bb879000,208,COVID-19  mRNA  LNP-S  PF  30 mcg/0.3 mL dose,136.00
2021-07-11T20:49:24Z,d57841fa-c9e2-a3d1-0e78-09bdbe4eed66,d57841fa-c9e2-a3d1-00a6-772279306868,140,Influenza  split virus  trivalent  PF,136.00
2022-07-17T20:49:24Z,d57841fa-c9e2-a3d1-0e78-09bdbe4eed66,d57841fa-c9e2-a3d1-f5c9-1762ece38cec,140,Influenza  split virus  trivalent  PF,136.00
2023-07-23T20:49:24Z,d57841fa-c9e2-a3d1-0e78-09bdbe4eed66,d57841fa-c9e2-a3d1-7524-128ad4fac6e3,140,Influenza  split virus  trivalent  PF,136.00
2024-07-28T20:49:24Z,d57841fa-c9e2-a3d1-0e78-09bdbe4eed66,d57841fa-c9e2-a3d1-fc95-55e48f257d75,140,Influenza  split virus  trivalent  PF,136.00
2025-08-03T20:49:24Z,d57841fa-c9e2-a3d1-0e78-09bdbe4eed66,d57841fa-c9e2-a3d1-2cbe-8f76f8cf28ff,140,Influenza  split virus  trivalent  PF,136.00
2026-08-09T20:49:24Z,d57841fa-c9e2-a3d1-0e78-09bdbe4eed66,d57841fa-c9e2-a3d1-6b0b-be25397535ba,140,Influenza  split virus  trivalent  PF,136.00
2026-08-09T20:49:24Z,d57841fa-c9e2-a3d1-0e78-09bdbe4eed66,d57841fa-c9e2-a3d1-6b0b-be25397535ba,113,Td (adult)  5 Lf tetanus toxoid  preservative free  adsorbed,136.00
2016-11-25T15:13:25Z,75d6a35c-c2e1-5b9f-e7f8-6a5b05af8fc8,75d6a35c-c2e1-5b9f-f40f-d5e93c12a289,140,Influenza  split virus  trivalent  PF,136.00
2017-12-01T15:13:25Z,75d6a35c-c2e1-5b9f-e7f8-6a5b05af8fc8,75d6a35c-c2e1-5b9f-830c-8360c503d4a6,21,varicella,136.00
2017-12-01T15:13:25Z,75d6a35c-c2e1-5b9f-e7f8-6a5b05af8fc8,75d6a35c-c2e1-5b9f-830c-8360c503d4a6,10,IPV,136.00
2017-12-01T15:13:25Z,75d6a35c-c2e1-5b9f-e7f8-6a5b05af8fc8,75d6a35c-c2e1-5b9f-830c-8360c503d4a6,140,Influenza  split virus  trivalent  PF,136.00
2017-12-01T15:13:25Z,75d6a35c-c2e1-5b9f-e7f8-6a5b05af8fc8,75d6a35c-c2e1-5b9f-830c-8360c503d4a6,20,DTaP,136.00
2017-12-01T15:13:25Z,75d6a35c-c2e1-5b9f-e7f8-6a5b05af8fc8,75d6a35c-c2e1-5b9f-830c-8360c503d4a6,03,MMR,136.00
2018-12-07T15:13:25Z,75d6a35c-c2e1-5b9f-e7f8-6a5b05af8fc8,75d6a35c-c2e1-5b9f-edee-b48b79e25366,140,Influenza  split virus  trivalent  PF,136.00
2019-12-13T15:13:25Z,75d6a35c-c2e1-5b9f-e7f8-6a5b05af8fc8,75d6a35c-c2e1-5b9f-f2a2-2e9e02fae76c,140,Influenza  split virus  trivalent  PF,136.00
2020-12-18T15:13:25Z,75d6a35c-c2e1-5b9f-e7f8-6a5b05af8fc8,75d6a35c-c2e1-5b9f-9c79-d137bc82c649,140,,136.00
2021-12-24T15:13:25Z,75d6a35c-c2e1-5b9f-e7f8-6a5b05af8fc8,75d6a35c-c2e1-5b9f-f150-70f1f7e6ea7a,140,Influenza  split virus  trivalent  PF,136.00
2022-12-30T15:13:25Z,75d6a35c-c2e1-5b9f-e7f8-6a5b05af8fc8,75d6a35c-c2e1-5b9f-a7e5-ef14537eb827,140,Influenza  split virus  trivalent  PF,136.00
2024-01-05T15:13:25Z,75d6a35c-c2e1-5b9f-e7f8-6a5b05af8fc8,75d6a35c-c2e1-5b9f-166b-588b8ed66f05,115,Tdap,136.00
2024-01-05T15:13:25Z,75d6a35c-c2e1-5b9f-e7f8-6a5b05af8fc8,75d6a35c-c2e1-5b9f-166b-588b8ed66f05,140,Influenza  split virus  trivalent  PF,136.00
2024-01-05T15:13:25Z,75d6a35c-c2e1-5b9f-e7f8-6a5b05af8fc8,75d6a35c-c2e1-5b9f-166b-588b8ed66f05,62,HPV  quadrivalent,136.00
2024-01-05T15:13:25Z,75d6a35c-c2e1-5b9f-e7f8-6a5b05af8fc8,75d6a35c-c2e1-5b9f-166b-588b8ed66f05,114,meningococcal MCV4P,136.00
2025-01-03T15:13:25Z,75d6a35c-c2e1-5b9f-e7f8-6a5b05af8fc8,75d6a35c-c2e1-5b9f-cb48-ae1884f1205f,208,COVID-19  mRNA  LNP-S  PF  30 mcg/0.3 mL dose,136.00
2025-01-10T15:13:25Z,75d6a35c-c2e1-5b9f-e7f8-6a5b05af8fc8,75d6a35c-c2e1-5b9f-2473-d1d6a0908420,140,Influenza  split virus  trivalent  PF,136.00
2025-01-10T15:13:25Z,75d6a35c-c2e1-5b9f-e7f8-6a5b05af8fc8,75d6a35c-c2e1-5b9f-2473-d1d6a0908420,62,HPV  quadrivalent,136.00
2025-01-24T15:13:25Z,75d6a35c-c2e1-5b9f-e7f8-6a5b05af8fc8,75d6a35c-c2e1-5b9f-37a7-23c9af692449,208,COVID-19  mRNA  LNP-S  PF  30 mcg/0.3 mL dose,136.00
2025-09-19T15:13:25Z,75d6a35c-c2e1-5b9f-e7f8-6a5b05af8fc8,75d6a35c-c2e1-5b9f-cbe2-05f04a356ea2,140,Influenza  split virus  trivalent  PF,136.00
2025-09-19T15:13:25Z,75d6a35c-c2e1-5b9f-e7f8-6a5b05af8fc8,75d6a35c-c2e1-5b9f-cbe2-05f04a356ea2,62,HPV  quadrivalent,136.00
09/16/2016T04:52:26Z,3236b1f8-2bc1-3e38-c539-a29407c6a206,3236b1f8-2bc1-3e38-0d9f-b5674c00c141,140,Influenza  split virus  trivalent  PF,136.00
2016-09-16T04:52:26Z,3236b1f8-2bc1-3e38-c539-a29407c6a206,3236b1f8-2bc1-3e38-0d9f-b5674c00c141,62,HPV  quadrivalent,136.00
2017-09-22T04:52:26Z,3236b1f8-2bc1-3e38-c539-a29407c6a206,3236b1f8-2bc1-3e38-a44a-b0af462cef03,140,Influenza  split virus  trivalent  PF,136.00
2017-09-22T04:52:26Z,3236b1f8-2bc1-3e38-c539-a29407c6a206,3236b1f8-2bc1-3e38-a44a-b0af462cef03,62,HPV  quadrivalent,136.00
2018-07-27T04:52:26Z,3236b1f8-2bc1-3e38-c539-a29407c6a206,3236b1f8-2bc1-3e38-86e9-237a984ef5e0,140,Influenza  split virus  trivalent  PF,136.00
2019-03-08T04:52:26Z,3236b1f8-2bc1-3e38-c539-a29407c6a206,3236b1f8-2bc1-3e38-6d47-52dc715504fb,140,Influenza  split virus  trivalent  PF,136.00
2020-10-09T04:52:26Z,3236b1f8-2bc1-3e38-c539-a29407c6a206,3236b1f8-2bc1-3e38-4f5f-c9be38cc11e7,140,Influenza  split virus  trivalent  PF,136.00
2020-10-09T04:52:26Z,3236b1f8-2bc1-3e38-c539-a29407c6a206,3236b1f8-2bc1-3e38-4f5f-c9be38cc11e7,114,meningococcal MCV4P,136.00
2021-05-28T04:52:26Z,3236b1f8-2bc1-3e38-c539-a29407c6a206,3236b1f8-2bc1-3e38-ed89-b1a16f3fbdc3,208,COVID-19  mRNA  LNP-S  PF  30 mcg/0.3 mL dose,136.00
18/06/2021T04:52:26Z,3236b1f8-2bc1-3e38-c539-a29407c6a206,3236b1f8-2bc1-3e38-e189-c81d83498a16,208,COVID-19  mRNA  LNP-S  PF  30 mcg/0.3 mL dose,136.00
2021-10-15T04:52:26Z,3236b1f8-2bc1-3e38-c539-a29407c6a206,3236b1f8-2bc1-3e38-28ae-2bd6d1bd92fc,140,Influenza  split virus  trivalent  PF,136.00
2022-10-21T04:52:26Z,3236b1f8-2bc1-3e38-c539-a29407c6a206,3236b1f8-2bc1-3e38-e4cd-fc6f74dff31c,140,Influenza  split virus  trivalent  PF,136.00
10/27/2023T04:52:26Z,3236b1f8-2bc1-3e38-c539-a29407c6a206,3236b1f8-2bc1-3e38-e6c4-c47bb55497c3,140,Influenza  split virus  trivalent   PF,136.00
2018-05-20T23:37:05Z,a296a2ba-b1ad-a3c5-d172-aa3dfdbcdab9,a296a2ba-b1ad-a3c5-7434-5b1f1f984056,140,Influenza  split virus  trivalent  PF,136.00
2018-05-20T23:37:05Z,a296a2ba-b1ad-a3c5-d172-aa3dfdbcdab9,a296a2ba-b1ad-a3c5-7434-5b1f1f984056,113,Td (adult)  5 Lf tetanus toxoid  preservative free  adsorbed,136.00
2018-10-28T23:37:05Z,a296a2ba-b1ad-a3c5-d172-aa3dfdbcdab9,a296a2ba-b1ad-a3c5-72e0-47b7b2f13c7e,140,Influenza  split virus  trivalent  PF,136.00
2021-05-23T23:37:05Z,a296a2ba-b1ad-a3c5-d172-aa3dfdbcdab9,a296a2ba-b1ad-a3c5-1eca-1bd66f5d405d,140,Influenza  split virus  trivalent  PF,136.00
2021-08-15T23:37:05Z,a296a2ba-b1ad-a3c5-d172-aa3dfdbcdab9,a296a2ba-b1ad-a3c5-7d98-a19458fee212,208,COVID-19  mRNA  LNP-S  PF  30 mcg/0.3 mL dose,136.00
2021-09-05T23:37:05Z,a296a2ba-b1ad-a3c5-d172-aa3dfdbcdab9,a296a2ba-b1ad-a3c5-e44b-2dc501ca182e,208,COVID-19  mRNA  LNP-S  PF  30 mcg/0.3 mL dose,136.00
2024-05-26T23:37:05Z,a296a2ba-b1ad-a3c5-d172-aa3dfdbcdab9,a296a2ba-b1ad-a3c5-07fd-ed301015f5f6,140,Influenza  split virus  trivalent  PF,136.00
2018-03-18T21:47:21Z,ce8f0d5d-2f0f-0c66-6a64-518b1e209f13,ce8f0d5d-2f0f-0c66-193a-c74c83c24b4f,140,Influenza  split virus  trivalent  PF,136.00
2018-03-18T21:47:21Z,ce8f0d5d-2f0f-0c66-6a64-518b1e209f13,ce8f0d5d-2f0f-0c66-193a-c74c83c24b4f,113,Td (adult)  5 Lf tetanus toxoid  preservative free  adsorbed,136.00
2018-03-18T21:47:21Z,ce8f0d5d-2f0f-0c66-6a64-518b1e209f13,ce8f0d5d-2f0f-0c66-193a-c74c83c24b4f,52,Hep A  adult,136.00
2020-03-22T21:47:21Z,ce8f0d5d-2f0f-0c66-6a64-518b1e209f13,ce8f0d5d-2f0f-0c66-ea40-05b3e129205d,140,Influenza  split virus  trivalent  PF,136.00
2021-02-28T21:47:21Z,ce8f0d5d-2f0f-0c66-6a64-518b1e209f13,ce8f0d5d-2f0f-0c66-7ebe-6fa5c9a4eafb,207,COVID-19  mRNA  LNP-S  PF  100 mcg/0.5mL dose or 50 mcg/0.25mL dose,136.00
2021-03-28T21:47:21Z,ce8f0d5d-2f0f-0c66-6a64-518b1e209f13,ce8f0d5d-2f0f-0c66-5c65-bec120ea265e,207,COVID-19  mRNA  LNP-S  PF  100 mcg/0.5mL dose or 50 mcg/0.25mL dose,136.00
2022-03-27T21:47:21Z,ce8f0d5d-2f0f-0c66-6a64-518b1e209f13,ce8f0d5d-2f0f-0c66-d7a5-ce903774f883,140,Influenza  split virus  trivalent  PF,136.00
2024-03-31T21:47:21Z,ce8f0d5d-2f0f-0c66-6a64-518b1e209f13,ce8f0d5d-2f0f-0c66-78c0-280276b79799,140,Influenza  split virus  trivalent  PF,136.00
2026-03-08T21:47:21Z,ce8f0d5d-2f0f-0c66-6a64-518b1e209f13,ce8f0d5d-2f0f-0c66-b288-d7f35204a814,121,zoster vaccine  live,136.00
2026-03-08T21:47:21Z,ce8f0d5d-2f0f-0c66-6a64-518b1e209f13,ce8f0d5d-2f0f-0c66-b288-d7f35204a814,140,Influenza  split virus  trivalent  PF,136.00
2024-11-03T07:02:46Z,23c94034-f050-04d5-c5a3-2d42bf3ccc7f,23c94034-f050-04d5-cbfa-81e28ba3da9b,08,Hep B  adolescent or pediatric,136.00
2024-12-08T07:02:46Z,23c94034-f050-04d5-c5a3-2d42bf3ccc7f,23c94034-f050-04d5-78da-33e37861355f,08,Hep B  adolescent or pediatric,136.00
2025-02-09T07:02:46Z,23c94034-f050-04d5-c5a3-2d42bf3ccc7f,23c94034-f050-04d5-37ed-b5364f04dfc9,49,Hib (PRP-OMP),136.00
2025-02-09T07:02:46Z,23c94034-f050-04d5-c5a3-2d42bf3ccc7f,23c94034-f050-04d5-37ed-b5364f04dfc9,119,rotavirus  monovalent,136.00
2025-02-09T07:02:46Z,23c94034-f050-04d5-c5a3-2d42bf3ccc7f,23c94034-f050-04d5-37ed-b5364f04dfc9,10,IPV,136.00
2025-02-09T07:02:46Z,23c94034-f050-04d5-c5a3-2d42bf3ccc7f,23c94034-f050-04d5-37ed-b5364f04dfc9,20,DTaP,136.00
2025-02-09T07:02:46Z,23c94034-f050-04d5-c5a3-2d42bf3ccc7f,23c94034-f050-04d5-37ed-b5364f04dfc9,133,Pneumococcal conjugate PCV 13,136.00
2025-04-13T07:02:46Z,23c94034-f050-04d5-c5a3-2d42bf3ccc7f,23c94034-f050-04d5-555c-6d7fb39a3267,49,Hib (PRP-OMP),136.00
2025-04-13T07:02:46Z,23c94034-f050-04d5-c5a3-2d42bf3ccc7f,23c94034-f050-04d5-555c-6d7fb39a3267,119,rotavirus  monovalent,136.00
2025-04-13T07:02:46Z,23c94034-f050-04d5-c5a3-2d42bf3ccc7f,23c94034-f050-04d5-555c-6d7fb39a3267,10,IPV,136.00
04/13/2025T07:02:46Z,23c94034-f050-04d5-c5a3-2d42bf3ccc7f,23c94034-f050-04d5-555c-6d7fb39a3267,20,DTaP,136.00
2025-04-13T07:02:46Z,23c94034-f050-04d5-c5a3-2d42bf3ccc7f,23c94034-f050-04d5-555c-6d7fb39a3267,133,Pneumococcal conjugate PCV 13,136.00
2025-07-13T07:02:46Z,23c94034-f050-04d5-c5a3-2d42bf3ccc7f,23c94034-f050-04d5-46b9-15281bcff3ed,10,IPV,136.00
2025-07-13T07:02:46Z,23c94034-f050-04d5-c5a3-2d42bf3ccc7f,23c94034-f050-04d5-46b9-15281bcff3ed,140,Influenza  split virus  trivalent  PF,136.00
2025-07-13T07:02:46Z,23c94034-f050-04d5-c5a3-2d42bf3ccc7f,23c94034-f050-04d5-46b9-15281bcff3ed,20,DTaP,136.00
2025-07-13T07:02:46Z,23c94034-f050-04d5-c5a3-2d42bf3ccc7f,23c94034-f050-04d5-46b9-15281bcff3ed,133,Pneumococcal conjugate PCV 13,136.00
2025-07-13T07:02:46Z,23c94034-f050-04d5-c5a3-2d42bf3ccc7f,23c94034-f050-04d5-46b9-15281bcff3ed,08,Hep B  adolescent or pediatric,136.00
2026-01-11T07:02:46Z,23c94034-f050-04d5-c5a3-2d42bf3ccc7f,23c94034-f050-04d5-2f49-f11be93a9100,49,Hib (PRP-OMP),136.00
2026-01-11T07:02:46Z,23c94034-f050-04d5-c5a3-2d42bf3ccc7f,23c94034-f050-04d5-2f49-f11be93a9100,21,varicella,136.00
2026-01-11T07:02:46Z,23c94034-f050-04d5-c5a3-2d42bf3ccc7f,23c94034-f050-04d5-2f49-f11be93a9100,03,MMR,136.00
2026-01-11T07:02:46Z,23c94034-f050-04d5-c5a3-2d42bf3ccc7f,23c94034-f050-04d5-2f49-f11be93a9100,133,Pneumococcal conjugate PCV 13,136.00
2026-01-11T07:02:46Z,23c94034-f050-04d5-c5a3-2d42bf3ccc7f,23c94034-f050-04d5-2f49-f11be93a9100,83,Hep A  ped/adol  2 dose,136.00
2026-04-12T07:02:46Z,23c94034-f050-04d5-c5a3-2d42bf3ccc7f,23c94034-f050-04d5-f506-de266e960edf,20,DTaP,136.00
2017-12-17T02:15:34Z,06eb6dda-a918-928f-76cf-6bf370cf2014,06eb6dda-a918-928f-07b8-81ebe14dc76a,08,Hep B  adolescent or pediatric,136.00
2018-01-21T02:15:34Z,06eb6dda-a918-928f-76cf-6bf370cf2014,06eb6dda-a918-928f-7604-d990e578f987,08,Hep B  adolescent or pediatric,136.00
2018-03-25T02:15:34Z,06eb6dda-a918-928f-76cf-6bf370cf2014,06eb6dda-a918-928f-7c3b-015712e3ed23,49,Hib (PRP-OMP),136.00
2018-03-25T02:15:34Z,06eb6dda-a918-928f-76cf-6bf370cf2014,06eb6dda-a918-928f-7c3b-015712e3ed23,119,rotavirus  monovalent,136.00
2018-03-25T02:15:34Z,06eb6dda-a918-928f-76cf-6bf370cf2014,06eb6dda-a918-928f-7c3b-015712e3ed23,10,IPV,136.00
2018-03-25T02:15:34Z,06eb6dda-a918-928f-76cf-6bf370cf2014,06eb6dda-a918-928f-7c3b-015712e3ed23,20,DTaP,136.00
2018-03-25T02:15:34Z,06eb6dda-a918-928f-76cf-6bf370cf2014,06eb6dda-a918-928f-7c3b-015712e3ed23,133,Pneumococcal conjugate PCV 13,136.00
2018-05-27T02:15:34Z,06eb6dda-a918-928f-76cf-6bf370cf2014,06eb6dda-a918-928f-864c-af6ccef2a777,49,Hib (PRP-OMP),136.00
2018-05-27T02:15:34Z,06eb6dda-a918-928f-76cf-6bf370cf2014,06eb6dda-a918-928f-864c-af6ccef2a777,119,rotavirus  monovalent,136.00
2018-05-27T02:15:34Z,06eb6dda-a918-928f-76cf-6bf370cf2014,06eb6dda-a918-928f-864c-af6ccef2a777,10,IPV,136.00
2018-05-27T02:15:34Z,06eb6dda-a918-928f-76cf-6bf370cf2014,06eb6dda-a918-928f-864c-af6ccef2a777,20,DTaP,136.00
2018-05-27T02:15:34Z,06eb6dda-a918-928f-76cf-6bf370cf2014,06eb6dda-a918-928f-864c-af6ccef2a777,133,Pneumococcal conjugate PCV 13,136.00
2018-08-26T02:15:34Z,06eb6dda-a918-928f-76cf-6bf370cf2014,06eb6dda-a918-928f-784c-c347ae8dc8e3,10,,136.00
2018-08-26T02:15:34Z,06eb6dda-a918-928f-76cf-6bf370cf2014,06eb6dda-a918-928f-784c-c347ae8dc8e3,140,Influenza  split virus  trivalent  PF,136.00
2018-08-26T02:15:34Z,06eb6dda-a918-928f-76cf-6bf370cf2014,06eb6dda-a918-928f-784c-c347ae8dc8e3,20,DTaP,136.00
2018-08-26T02:15:34Z,06eb6dda-a918-928f-76cf-6bf370cf2014,06eb6dda-a918-928f-784c-c347ae8dc8e3,133,Pneumococcal conjugate PCV 13,136.00
2018-08-26T02:15:34Z,06eb6dda-a918-928f-76cf-6bf370cf2014,06eb6dda-a918-928f-784c-c347ae8dc8e3,08,Hep B  adolescent or pediatric,136.00
2019-02-24T02:15:34Z,06eb6dda-a918-928f-76cf-6bf370cf2014,06eb6dda-a918-928f-f3c2-d6ecb623a6f7,49,Hib (PRP-OMP),136.00
2019-02-24T02:15:34Z,06eb6dda-a918-928f-76cf-6bf370cf2014,06eb6dda-a918-928f-f3c2-d6ecb623a6f7,21,varicella,136.00
2019-02-24T02:15:34Z,06eb6dda-a918-928f-76cf-6bf370cf2014,06eb6dda-a918-928f-f3c2-d6ecb623a6f7,03,MMR,136.00
24/02/2019T02:15:34Z,06eb6dda-a918-928f-76cf-6bf370cf2014,06eb6dda-a918-928f-f3c2-d6ecb623a6f7,133,Pneumococcal conjugate PCV 13,136.00
2019-02-24T02:15:34Z,06eb6dda-a918-928f-76cf-6bf370cf2014,06eb6dda-a918-928f-f3c2-d6ecb623a6f7,83,Hep A  ped/adol  2 dose,136.00
2019-05-26T02:15:34Z,06eb6dda-a918-928f-76cf-6bf370cf2014,06eb6dda-a918-928f-20d3-111646a20975,20,DTaP,136.00
2019-11-24T02:15:34Z,06eb6dda-a918-928f-76cf-6bf370cf2014,06eb6dda-a918-928f-87e8-9c38cbaad88a,140,Influenza  split virus  trivalent  PF,136.00
2020-05-24T02:15:34Z,06eb6dda-a918-928f-76cf-6bf370cf2014,06eb6dda-a918-928f-2c4c-81fcd206a75b,83,,136.00
2020-11-22T02:15:34Z,06eb6dda-a918-928f-76cf-6bf370cf2014,06eb6dda-a918-928f-486d-e2c54599c0d1,140,Influenza  split virus  trivalent  PF,136.00
2021-11-21T02:15:34Z,06eb6dda-a918-928f-76cf-6bf370cf2014,06eb6dda-a918-928f-05da-e90a4f6f7869,140,Inlfuenza  split virus  trivalent  PF,136.00
2022-11-27T02:15:34Z,06eb6dda-a918-928f-76cf-6bf370cf2014,06eb6dda-a918-928f-2533-1767c134658a,21,varicella,136.00
2022-11-27T02:15:34Z,06eb6dda-a918-928f-76cf-6bf370cf2014,06eb6dda-a918-928f-2533-1767c134658a,10,IPV,136.00
2022-11-27T02:15:34Z,06eb6dda-a918-928f-76cf-6bf370cf2014,06eb6dda-a918-928f-2533-1767c134658a,140,Influenza  split virus  trivalent  PF,136.00
2022-11-27T02:15:34Z,06eb6dda-a918-928f-76cf-6bf370cf2014,06eb6dda-a918-928f-2533-1767c134658a,20,DTaP,136.00
2022-11-27T02:15:34Z,06eb6dda-a918-928f-76cf-6bf370cf2014,06eb6dda-a918-928f-2533-1767c134658a,03,MMR,136.00
2023-12-03T02:15:34Z,06eb6dda-a918-928f-76cf-6bf370cf2014,06eb6dda-a918-928f-8c6c-b32c1c0c931d,140,Influenza  split virus  trivalent  PF,136.00
2024-10-20T02:15:34Z,06eb6dda-a918-928f-76cf-6bf370cf2014,06eb6dda-a918-928f-ec14-c98dfef98857,140,Influenza  split virus  trivalent  PF,136.00
2025-12-14T02:15:34Z,06eb6dda-a918-928f-76cf-6bf370cf2014,06eb6dda-a918-928f-7fd2-c246393978ca,140,Influenza  split virus  trivalent  PF,136.00
