START,STOP,PATIENT,PAYER,ENCOUNTER,CODE,DESCRIPTION,BASE_COST,PAYER_COVERAGE,DISPENSES,TOTALCOST,REASONCODE,REASONDESCRIPTION
2017-12-31T18:53:52Z,2018-12-26T19:13:10Z,922fb35e-148d-9e82-7e65-bfa05e3b3515,26aab0cd-6aba-3e1b-ac5b-05c8867e762c,922fb35e-148d-9e82-125c-682b97835ae3,1000126,1 ML medroxyprogesterone acetate 150 MG/ML Injection,68.90,0.00,12,826.80,,
2018-12-26T19:13:10Z,2019-12-21T19:30:49Z,922fb35e-148d-9e82-7e65-bfa05e3b3515,26aab0cd-6aba-3e1b-ac5b-05c8867e762c,922fb35e-148d-9e82-4194-9389e614cb18,1000126,1 ML medroxyprogesterone acetate 150 MG/ML Injection,55.42,0.00,12,665.04,,
2019-12-21T19:30:49Z,2020-12-15T19:30:49Z,922fb35e-148d-9e82-7e65-bfa05e3b3515,26aab0cd-6aba-3e1b-ac5b-05c8867e762c,922fb35e-148d-9e82-6a2e-24947b950c70,748856,{24 (drospirenone 3 MG / ethinyl estradiol 0.02 MG Oral Tablet) / 4 (inert ingredients 1 MG Oral Tablet) } Pack [Yaz 28 Day],742.61,0.00,12,8911.32,,
2020-12-15T19:30:49Z,2021-12-10T19:44:11Z,922fb35e-148d-9e82-7e65-bfa05e3b3515,26aab0cd-6aba-3e1b-ac5b-05c8867e762c,922fb35e-148d-9e82-ad74-413f259789c2,1000126,1 ML medroxyprogesterone acetate 150 MG/ML Injection,19.29,0.00,12,231.48,,
2021-12-10T19:44:11Z,2022-12-05T19:44:11Z,922fb35e-148d-9e82-7e65-bfa05e3b3515,26aab0cd-6aba-3e1b-ac5b-05c8867e762c,922fb35e-148d-9e82-6ec8-577f548c4999,751905,{7 (ethinyl estradiol 0.035 MG / norgestimate 0.18 MG Oral Tablet) / 7 (ethinyl estradiol 0.035 MG / norgestimate 0.215 MG Oral Tablet) / 7 (ethinyl estradiol 0.035 MG / norgestimate 0.25 MG Oral Tablet) / 7 (inert ingredients 1 MG Oral Tablet) } Pack [Trinessa 28 Day],1446.90,0.00,12,17362.80,,
2022-12-05T19:44:11Z,2023-11-30T19:54:21Z,922fb35e-148d-9e82-7e65-bfa05e3b3515,26aab0cd-6aba-3e1b-ac5b-05c8867e762c,922fb35e-148d-9e82-461c-8b92f1d7c67f,1000126,1 ML medroxyprogesterone acetate 150 MG/ML Injection,98.21,0.00,12,1178.52,,
30/11/2023T19:54:21Z,11/24/2024T19:54:21Z,922fb35e-148d-9e82-7e65-bfa05e3b3515,26aab0cd-6aba-3e1b-ac5b-05c8867e762c,922fb35e-148d-9e82-c0b0-a0a149fab018,757594,{28 (norethindrone 0.35 MG Oral Tablet) } Pack [Jolivette 28 Day],485.21,0.00,12,5822.52,,
2026-05-07T18:53:52Z,2026-05-07T18:53:52Z,922fb35e-148d-9e82-7e65-bfa05e3b3515,26aab0cd-6aba-3e1b-ac5b-05c8867e762c,922fb35e-148d-9e82-5393-4584c15b19dd,1000126,1 ML medroxyprogesterone acetate 150 MG/ML Injection,19.29,19.29,1,,,
1986-11-04T22:16:41Z,,6aed9210-c500-4375-b0fc-3374c40b8591,b046940f-1664-3047-bca7-dfa76be352a4,6aed9210-c500-4375-319c-0afc9416b3fd,197378,Astemizole 10 MG Oral Tablet,347.25,0.00,484,168069.00,,
2016-08-16T21:42:53Z,2017-08-22T21:42:53Z,6aed9210-c500-4375-b0fc-3374c40b8591,b046940f-1664-3047-bca7-dfa76be352a4,6aed9210-c500-4375-4681-3583dd0a0fae,206905,Ibuprofen 400 MG Oral Tablet [Ibu],245.97,0.00,3,737.91,,
2017-08-22T21:42:53Z,2018-08-28T21:42:53Z,6aed9210-c500-4375-b0fc-3374c40b8591,b046940f-1664-3047-bca7-dfa76be352a4,6aed9210-c500-4375-3842-8b8fcbeac34d,206905,Ibuprofen 400 MG Oral Tablet [Ibu],245.97,0.00,3,737.91,,
2017-09-06T00:10:45Z,2017-09-06T00:10:45Z,6aed9210-c500-4375-b0fc-3374c40b8591,b046940f-1664-3047-bca7-dfa76be352a4,6aed9210-c500-4375-7f49-aca9bafd8545,1535362,sodium fluoride 0.0272 MG/MG Oral Gel,245.97,0.00,1,245.97,103697008,Patient referral for dental care (procedure)
2018-01-17T19:42:53Z,2018-02-09T19:42:53Z,6aed9210-c500-4375-b0fc-3374c40b8591,b046940f-1664-3047-bca7-dfa76be352a4,6aed9210-c500-4375-a405-b2db585cbd1b,562251,Amoxicillin 250 MG / Clavulanate 125 MG Oral Tablet,86.81,60.77,1,86.81,444814009,Viral sinusitis (disorder)
2018-08-28T21:42:53Z,2019-09-03T21:42:53Z,6aed9210-c500-4375-b0fc-3374c40b8591,b046940f-1664-3047-bca7-dfa76be352a4,6aed9210-c500-4375-aa67-7f659b12e262,206905,Ibuprofen 400 MG Oral Tablet [Ibu],245.97,0.00,3,737.91,,
2019-09-03T21:42:53Z,2020-09-08T21:42:53Z,6aed9210-c500-4375-b0fc-3374c40b8591,b046940f-1664-3047-bca7-dfa76be352a4,6aed9210-c500-4375-a8cd-28febfe1b892,206905,Ibuprofen 400 MG Oral Tablet [Ibu],245.97,0.00,3,737.91,,
2019-09-18T00:43:22Z,2019-09-18T00:43:22Z,6aed9210-c500-4375-b0fc-3374c40b8591,b046940f-1664-3047-bca7-dfa76be352a4,6aed9210-c500-4375-cd1a-abd5b300b910,1535362,sodium fluoride 0.0272 MG/MG Oral Gel,245.97,0.00,1,245.97,66383009,Gingivitis (disorder)
2020-09-08T21:42:53Z,2021-09-14T21:42:53Z,6aed9210-c500-4375-b0fc-3374c40b8591,b046940f-1664-3047-bca7-dfa76be352a4,6aed9210-c500-4375-1ea7-678e450a81e9,206905,Ibuprofen 400 MG Oral Tablet [Ibu],245.97,0.00,3,737.91,,
2020-09-15T22:47:25Z,,6aed9210-c500-4375-b0fc-3374c40b8591,b046940f-1664-3047-bca7-dfa76be352a4,6aed9210-c500-4375-be24-1cb99fc1ab80,2001499,Vitamin B12 5 MG/ML Injectable Solution,224.55,0.00,72,16167.60,,
2021-09-14T21:42:53Z,2022-09-20T21:42:53Z,6aed9210-c500-4375-b0fc-3374c40b8591,b046940f-1664-3047-bca7-dfa76be352a4,6aed9210-c500-4375-fc78-e6f3cf7f7813,206905,Ibuprofen 400 MG Oral Tablet [Ibu],245.97,0.00,3,737.91,,
2022-09-20T21:42:53Z,2023-09-26T21:42:53Z,6aed9210-c500-4375-b0fc-3374c40b8591,b046940f-1664-3047-bca7-dfa76be352a4,6aed9210-c500-4375-dd83-2880898a7646,206905,Ibuprofen 400 MG Oral Tablet [Ibu],245.97,0.00,3,737.91,,
2022-10-05T01:25:29Z,2022-10-05T01:25:29Z,6aed9210-c500-4375-b0fc-3374c40b8591,b046940f-1664-3047-bca7-dfa76be352a4,6aed9210-c500-4375-67eb-bb575b10f2f9,1535362,sodium fluoride 0.0272 MG/MG Oral Gel,245.97,0.00,1,245.97,103697008,Patient referral for dental care (procedure)
2023-09-26T21:42:53Z,2024-10-01T21:42:53Z,6aed9210-c500-4375-b0fc-3374c40b8591,b046940f-1664-3047-bca7-dfa76be352a4,6aed9210-c500-4375-94fb-8fea6a7d9f20,206905,Ibuprofen 400 MG Oral Tablet [Ibu],245.97,172.18,3,737.91,,
2024-10-01T21:42:53Z,2024-11-12T21:42:53Z,6aed9210-c500-4375-b0fc-3374c40b8591,b046940f-1664-3047-bca7-dfa76be352a4,6aed9210-c500-4375-b509-44883307fd2b,206905,Ibuprofen 400 MG Oral Tablet [Ibu],245.97,0.00,3,737.91,,
2024-11-12T21:42:53Z,2025-08-12T21:42:53Z,6aed9210-c500-4375-b0fc-3374c40b8591,b046940f-1664-3047-bca7-dfa76be352a4,6aed9210-c500-4375-eaef-be7b31b6fe76,206905,Ibuprofen 400 MG Oral Tablet [Ibu],245.97,172.18,3,737.91,,
2024.11.14T02:42:53Z,2024-12-06T02:42:53Z,6aed9210-c500-4375-b0fc-3374c40b8591,b046940f-1664-3047-bca7-dfa76be352a4,6aed9210-c500-4375-8097-c10275909537,562251,Amoxicillin 250 MG / Clavulanate 125 MG Oral Tablet,521.01,364.71,1,521.01,444814009,Viral sinusitis (disorder)
2024-11-27T00:29:42Z,2024-11-27T00:29:42Z,6aed9210-c500-4375-b0fc-3374c40b8591,b046940f-1664-3047-bca7-dfa76be352a4,6aed9210-c500-4375-72fe-72216f2e8ee4,1535362,sodium fluoride 0.0272 MG/MG Oral Gel,245.97,172.18,1,245.97,103697008,Patient referral for dental care (procedure)
2025-08-01T09:53:39Z,2025-08-13T09:53:39Z,6aed9210-c500-4375-b0fc-3374c40b8591,b046940f-1664-3047-bca7-dfa76be352a4,6aed9210-c500-4375-6496-e1fd8fc58c59,313782,Acetaminpohen 325 MG Oral Tablet,126.32,0.00,1,126.32,10509002,Acute bronchitis (disorder)
2025-08-12T21:42:53Z,2025-10-07T21:42:53Z,6aed9210-c500-4375-b0fc-3374c40b8591,b046940f-1664-3047-bca7-dfa76be352a4,6aed9210-c500-4375-eb94-48b87c1d415c,206905,Ibuprofen 400 MG Oral Tablet [Ibu],245.97,0.00,3,737.91,,
2025-08-26T23:51:19Z,2025-08-26T23:51:19Z,6aed9210-c500-4375-b0fc-3374c40b8591,b046940f-1664-3047-bca7-dfa76be352a4,6aed9210-c500-4375-722a-d4e9e6219624,1535362,sodium fluoride 0.0272 MG/MG Oral Gel,245.97,0.00,1,245.97,66383009,Gingivitis (disorder)
2025-10-07T21:42:53Z,,6aed9210-c500-4375-b0fc-3374c40b8591,b046940f-1664-3047-bca7-dfa76be352a4,6aed9210-c500-4375-616e-61d7bab35d1a,206905,Ibuprofen 400 MG Oral Tablet [Ibu],245.97,172.18,3,737.91,,
2025-10-22T03:08:22Z,2025.10.22T03:08:22Z,6aed9210-c500-4375-b0fc-3374c40b8591,b046940f-1664-3047-bca7-dfa76be352a4,6aed9210-c500-4375-93f0-cd18f397a9bd,1535362,sodium fluoride 0.0272 MG/MG Oral Gel,245.97,172.18,1,245.97,66383009,Gingivitis (disorder)
2016-10-02T06:34:20Z,,6f45f2e9-a617-570a-8867-dec1260088bb,d31fccc3-1767-390d-966a-22a5156f4219,6f45f2e9-a617-570a-2c2f-dfce37130deb,1014676,cetirizine hydrochloride 5 MG Oral Tablet,434.07,0.00,120,,,
2016-10-09T07:08:12Z,,6f45f2e9-a617-570a-8867-dec1260088bb,d31fccc3-1767-390d-966a-22a5156f4219,6f45f2e9-a617-570a-2107-f6bd879cbc45,1870230,NDA02e800 0.3 ML Epinephrine 1 MG/ML Auto-Injector,71.47,0.00,120,8576.40,,
2016-12-27T06:34:20Z,2017-01-27T06:34:20Z,6f45f2e9-a617-570a-8867-dec1260088bb,d31fccc3-1767-390d-966a-22a5156f4219,6f45f2e9-a617-570a-6b86-bb209d13eaf1,313820,Acetaminophen 160 MG Chewable Tablet,231.50,185.20,1,231.50,,
2017-04-27T09:32:33Z,2017-04-27T09:32:33Z,6f45f2e9-a617-570a-8867-dec1260088bb,d31fccc3-1767-390d-966a-22a5156f4219,6f45f2e9-a617-570a-1585-d870e5b8e140,1535362,sodium fluoride 0.0272 MG/MG Oral Gel,245.97,196.78,1,245.97,103697008,Patient referral for dental care (procedure)
2020-01-20T06:34:20Z,2020-02-28T06:34:20Z,6f45f2e9-a617-570a-8867-dec1260088bb,d31fccc3-1767-390d-966a-22a5156f4219,6f45f2e9-a617-570a-2227-7d5c52f82128,313820,Acetaminophen 160 MG Chewable Tablet,86.81,0.00,1,86.81,,
2021-06-24T06:34:20Z,2021-07-08T06:34:20Z,6f45f2e9-a617-570a-8867-dec1260088bb,d31fccc3-1767-390d-966a-22a5156f4219,6f45f2e9-a617-570a-144f-5e953d5f3931,313782,Acetaminophen 325 MG Oral Tablet,347.25,0.00,1,347.25,10509002,Acute bronchitis (disorder)
2024-06-06T09:06:40Z,2024-06-06T09:06:40Z,6f45f2e9-a617-570a-8867-dec1260088bb,d31fccc3-1767-390d-966a-22a5156f4219,6f45f2e9-a617-570a-05eb-74cf9a0530d6,1535362,sodium fluoride 0.0272 MG/MG Oral Gel,245.97,196.78,1,245.97,66383009,Gingivitis (disorder)
2025-01-13T07:11:28Z,2025-02-18T07:11:28Z,6f45f2e9-a617-570a-8867-dec1260088bb,d31fccc3-1767-390d-966a-22a5156f4219,6f45f2e9-a617-570a-1743-6d0272447c5e,198405,Ibuprofen 100 MG Oral Tablet,64.96,51.97,1,,,
2025-10-05T10:34:20Z,2025-10-28T10:34:20Z,6f45f2e9-a617-570a-8867-dec1260088bb,d31fccc3-1767-390d-966a-22a5156f4219,6f45f2e9-a617-570a-76e9-d5ca472eebfc,562251,Amoxicillin 250 MG / Clavulanate 125 MG Oral Tablet,391.21,0.00,1,391.21,444814009,Viral sinusitis (disorder)
2025-11-09T06:34:20Z,2026-08-12T14:34:20Z,6f45f2e9-a617-570a-8867-dec1260088bb,d31fccc3-1767-390d-966a-22a5156f4219,6f45f2e9-a617-570a-9e8f-f9a6a60df82e,608139,atomoxetine 100 MG Oral Capsule,244.23,195.38,9,2198.07,192127007,Child attention deficit disorder (disorder)
2026-06-18T09:19:55Z,2026-06-18T09:19:55Z,6f45f2e9-a617-570a-8867-dec1260088bb,d31fccc3-1767-390d-966a-22a5156f4219,6f45f2e9-a617-570a-437b-0fbed01b02ef,1535362,sodium fluoride 0.0272 MG/MG Oral Gel,245.97,196.78,1,245.97,66383009,Gingivitis (disorder)
1998-01-27T10:49:24Z,,d57841fa-c9e2-a3d1-0e78-09bdbe4eed66,26aab0cd-6aba-3e1b-ac5b-05c8867e762c,d57841fa-c9e2-a3d1-4bfb-9751342a4d93,106258,Hydrocortisone 10 MG/ML Topical Cream,136.34,136.34,347,47309.98,40275004,Contact dermatitis (disorder)
1998-02-14T22:26:15Z,,d57841fa-c9e2-a3d1-0e78-09bdbe4eed66,26aab0cd-6aba-3e1b-ac5b-05c8867e762c,d57841fa-c9e2-a3d1-bdf9-30493cd7b4b2,311372,Loratadine 10 MG Oral Tablet,144.69,144.69,347,50207.43,,
1998-02-14T22:26:15Z,,d57841fa-c9e2-a3d1-0e78-09bdbe4eed66,26aab0cd-6aba-3e1b-ac5b-05c8867e762c,d57841fa-c9e2-a3d1-bdf9-30493cd7b4b2,1870230,NDA020800 0.3 ML Epinephrine 1 MG/ML Auto-Injector,115.89,115.89,347,40213.83,,
2019-07-07T22:11:23Z,,d57841fa-c9e2-a3d1-0e78-09bdbe4eed66,26aab0cd-6aba-3e1b-ac5b-05c8867e762c,d57841fa-c9e2-a3d1-c7eb-cf81387a23c3,310325,ferrous sulfate 325 MG Oral Tablet,0.28,0.00,86,24.08,,
2019-07-22T02:53:17Z,2019-07-22T02:53:17Z,d57841fa-c9e2-a3d1-0e78-09bdbe4eed66,26aab0cd-6aba-3e1b-ac5b-05c8867e762c,d57841fa-c9e2-a3d1-6562-e3878b5e1b95,1535362,sodium fluoride 0.0272 MG/MG Oral Gel,245.97,0.00,1,245.97,66383009,Gingivitis (disorder)
2021-08-17T21:57:28Z,2021-09-07T21:57:28Z,d57841fa-c9e2-a3d1-0e78-09bdbe4eed66,26aab0cd-6aba-3e1b-ac5b-05c8867e762c,d57841fa-c9e2-a3d1-43a0-8c857b6d0258,849574,Naproxen sodium 220 MG Oral Tablet,173.62,0.00,1,173.62,,
2022-08-01T00:43:48Z,2022-08-01T00:43:48Z,d57841fa-c9e2-a3d1-0e78-09bdbe4eed66,26aab0cd-6aba-3e1b-ac5b-05c8867e762c,d57841fa-c9e2-a3d1-4ab1-ef6d5bec7739,1535362,sodium fluoride 0.0272 MG/MG Oral Gel,245.97,0.00,1,245.97,103697008,Patient referral for dental care (procedure)
2022-10-03T21:57:28Z,2022-10-27T21:57:28Z,d57841fa-c9e2-a3d1-0e78-09bdbe4eed66,26aab0cd-6aba-3e1b-ac5b-05c8867e762c,d57841fa-c9e2-a3d1-6ced-3d065a499fbf,313782,Acetaminophen 325 MG Oral Tablet,86.81,52.09,1,86.81,,
2016-12-02T17:05:34Z,2016-12-02T17:05:34Z,75d6a35c-c2e1-5b9f-e7f8-6a5b05af8fc8,734afbd6-4794-363b-9bc0-6a3981533ed5,75d6a35c-c2e1-5b9f-e051-36e8174db4a5,1535362,sodium fluoride 0.0272 MG/MG Oral Gel,245.97,196.78,1,245.97,103697008,Patient referral for dental care (procedure)
2021-12-31T17:55:34Z,2021-12-31T17:55:34Z,75d6a35c-c2e1-5b9f-e7f8-6a5b05af8fc8,734afbd6-4794-363b-9bc0-6a3981533ed5,75d6a35c-c2e1-5b9f-79b4-82950c80a3ca,1535362,sodium fluoride 0.0272 MG/MG Oral Gel,245.97,21.13,1,245.97,103697008,Patient referral for dental care (procedure)
2025-01-24T17:35:19Z,2025-01-24T17:35:19Z,75d6a35c-c2e1-5b9f-e7f8-6a5b05af8fc8,734afbd6-4794-363b-9bc0-6a3981533ed5,75d6a35c-c2e1-5b9f-9af4-3febccd0f05c,1535362,sodium fluoride 0.0272 MG/MG Oral Gel,245.97,196.78,1,245.97,103697008,Patient referral for dental care (procedure)
2025-09-09T08:27:15Z,2025-09-18T08:27:15Z,75d6a35c-c2e1-5b9f-e7f8-6a5b05af8fc8,734afbd6-4794-363b-9bc0-6a3981533ed5,75d6a35c-c2e1-5b9f-c767-a959a17ba984,313782,Acetaminophen 325 MG Oral Tablet,347.25,277.80,1,347.25,10509002,Acute bronchitis (disorder)
2005-08-25T19:16:23Z,,3236b1f8-2bc1-3e38-c539-a29407c6a206,e03e23c9-4df1-3eb6-a62d-f70f02301496,3236b1f8-2bc1-3e38-7774-b2b5b510b926,665078,Loratadine 5 MG Chewable Tablet,225.32,0.00,255,57456.60,,
2005-08-25T19:16:23Z,,3236b1f8-2bc1-3e38-c539-a29407c6a206,e03e23c9-4df1-3eb6-a62d-f70f02301496,3236b1f8-2bc1-3e38-7774-b2b5b510b926,1870230,NDA020800 0.3 ML Epinephrine 1 MG/ML Auto-Injector,71.47,0.00,255,18224.85,,
2017-12-12T05:14:40Z,2018-01-07T05:14:40Z,3236b1f8-2bc1-3e38-c539-a29407c6a206,a735bf55-83e9-331a-899d-a82a60b9f60c,3236b1f8-2bc1-3e38-a09c-1433b96011c8,849574,Naproxen sodium 220 MG Oral Tablet,173.62,138.90,1,173.62,,
2018-08-10T04:52:26Z,2018-08-28T04:52:26Z,3236b1f8-2bc1-3e38-c539-a29407c6a206,a735bf55-83e9-331a-899d-a82a60b9f60c,3236b1f8-2bc1-3e38-fc54-6e428e5d56b3,562251,Amoxicillin 250 MG / Clavulanate 125 MG Oral Tablet,901.29,721.03,1,901.29,444814009,Viral sinusitis (disorder)
2018-08-27T04:52:26Z,2019-08-22T04:52:26Z,3236b1f8-2bc1-3e38-c539-a29407c6a206,a735bf55-83e9-331a-899d-a82a60b9f60c,3236b1f8-2bc1-3e38-8d98-3a7543a8a65e,978950,{5 (dienogest 2 MG / estradiol valerate 2 MG Oral Tablet) / 17 (dienogest 3 MG / estradiol valerate 2 MG Oral Tablet) / 2 (estradiol valerate 1 MG Oral Tablet) / 2 (estradiol valerate 3 MG Oral Tablet) / 2 (inert ingredients 1 MG Oral Tablet) } Pack [Natazia 28 Day],1087.82,870.26,12,13053.84,,
2018.10.12T06:57:38Z,2018-10-12T06:57:38Z,3236b1f8-2bc1-3e38-c539-a29407c6a206,a735bf55-83e9-331a-899d-a82a60b9f60c,3236b1f8-2bc1-3e38-ba6e-10feb79bb5e9,1535362,sodium fluoride 0.0272 MG/MG Oral Gel,245.97,196.78,1,245.97,103697008,Patient referral for dental care (procedure)
2019-03-22T06:46:27Z,2019-03-22T06:46:27Z,3236b1f8-2bc1-3e38-c539-a29407c6a206,a735bf55-83e9-331a-899d-a82a60b9f60c,3236b1f8-2bc1-3e38-2622-d23d74276c3e,1535362,sodium fluoride 0.0272 MG/MG Oral Gel,245.97,196.78,1,245.97,103697008,Patient referral for dental care (procedure)
2019-08-30T07:06:05Z,2019-08-31T23:16:05Z,3236b1f8-2bc1-3e38-c539-a29407c6a206,a735bf55-83e9-331a-899d-a82a60b9f60c,3236b1f8-2bc1-3e38-96e3-4b55e1ed77db,1648755,nitrofurantoin  macrocrystals 25 MG / nitrofurantoin  monohydrate 75 MG Oral Capsule,245.97,10.38,1,245.97,307426000,Acute infective cystitis (disorder)
2019-09-01T01:35:09Z,2019-09-01T11:45:09Z,3236b1f8-2bc1-3e38-c539-a29407c6a206,a735bf55-83e9-331a-899d-a82a60b9f60c,3236b1f8-2bc1-3e38-8e0b-c87e63eb56f2,197511,ciprofloxacin 250 MG Oral Tablet,245.97,196.78,1,245.97,307426000,Acute infective cystitis (disorder)
2019-10-18T07:51:54Z,2019-10-18T07:51:54Z,3236b1f8-2bc1-3e38-c539-a29407c6a206,a735bf55-83e9-331a-899d-a82a60b9f60c,3236b1f8-2bc1-3e38-6269-ec7669456155,1535362,sodium fluoride 0.0272 MG/MG Oral Gel,245.97,196.78,1,245.97,66383009,Gingivitis (disorder)
2020-04-15T06:12:26Z,2020-04-15T06:12:26Z,3236b1f8-2bc1-3e38-c539-a29407c6a206,a735bf55-83e9-331a-899d-a82a60b9f60c,3236b1f8-2bc1-3e38-14ae-bc063cd29ce2,312617,predniSONE 5 MG Oral Tablet,24.11,19.29,1,24.11,,
2020-08-16T04:52:26Z,2021-08-11T04:52:26Z,3236b1f8-2bc1-3e38-c539-a29407c6a206,a735bf55-83e9-331a-899d-a82a60b9f60c,3236b1f8-2bc1-3e38-921a-8a5fe438912b,978950,{5 (dienogest 2 MG / estradiol valerate 2 MG Oral Tablet) / 17 (dienogest 3 MG / estradiol valerate 2 MG Oral Tablet) / 2 (estradiol valerate 1 MG Oral Tablet) / 2 (estradiol valerate 3 MG Oral Tablet) / 2 (inert ingredients 1 MG Oral Tablet) } Pack [Natazia 28 Day],1446.90,1157.52,12,17362.80,,
2022-11-04T08:15:37Z,2022-11-04T08:15:37Z,3236b1f8-2bc1-3e38-c539-a29407c6a206,26aab0cd-6aba-3e1b-ac5b-05c8867e762c,3236b1f8-2bc1-3e38-b9ef-910d571bb623,1535362,,245.97,245.97,1,245.97,66383009,Gingivitis (disorder)
2023-02-24T04:52:26Z,2024-02-19T04:52:26Z,3236b1f8-2bc1-3e38-c539-a29407c6a206,26aab0cd-6aba-3e1b-ac5b-05c8867e762c,3236b1f8-2bc1-3e38-8ce3-59cf699d85b8,749762,{7 (ethinyl estradiol 0.01 MG Oral Tablet) / 84 (ethinyl estradiol 0.03 MG / levonorgestrel 0.15 MG Oral Tablet) } Pack [Seasonique],585.95,585.95,12,7031.40,,
2023-11-10T07:10:50Z,2023-11-10T07:10:50Z,3236b1f8-2bc1-3e38-c539-a29407c6a206,26aab0cd-6aba-3e1b-ac5b-05c8867e762c,3236b1f8-2bc1-3e38-98a1-98d6f988ad5b,1535362,sodium fluoride 0.0272 MG/MG Oral Gel,245.97,0.00,1,245.97,103697008,Patient referral for dental care (procedure)
2024-02-19T04:52:26Z,2025-02-13T04:52:26Z,3236b1f8-2bc1-3e38-c539-a29407c6a206,26aab0cd-6aba-3e1b-ac5b-05c8867e762c,3236b1f8-2bc1-3e38-d94b-96d8b1296211,1534809,168 HR Ethinyl Estradiol 0.00146 MG/HR / norelgestromin 0.00625 MG/HR Transdermal System,434.07,260.44,12,"5,208.84",,
2025-02-13T04:52:26Z,2026-02-10T21:01:14Z,3236b1f8-2bc1-3e38-c539-a29407c6a206,26aab0cd-6aba-3e1b-ac5b-05c8867e762c,3236b1f8-2bc1-3e38-77a8-b2d768d01922,1856546,levonorgestrel 0.000729 MG/HR Intrauterine System [Kyleena],21.35,0.00,12,256.20,,
2026-02-10T21:01:14Z,,3236b1f8-2bc1-3e38-c539-a29407c6a206,26aab0cd-6aba-3e1b-ac5b-05c8867e762c,3236b1f8-2bc1-3e38-03f1-cbbfde4a1014,751905,{7 (ethinyl estradiol 0.035 MG / norgestimate 0.18 MG Oral Tablet) / 7 (ethinyl estradiol 0.035 MG / norgestimate 0.215 MG Oral Tablet) / 7 (ethinyl estradiol 0.035 MG / norgestimate 0.25 MG Oral Tablet) / 7 (inert ingredients 1 MG Oral Tablet) } Pack [Trinessa 28 Day],1446.90,0.00,6,8681.40,,
2017-10-28T13:48:06Z,2017-11-12T13:48:06Z,a296a2ba-b1ad-a3c5-d172-aa3dfdbcdab9,df166300-5a78-3502-a46a-832842197811,a296a2ba-b1ad-a3c5-aa66-07a0cea92a7a,313782,Acetaminophen 325 MG Oral Tablet,208.76,158.76,1,208.76,10509002,Acute bronchitis (disorder)
2018-06-04T00:53:46Z,,a296a2ba-b1ad-a3c5-d172-aa3dfdbcdab9,df166300-5a78-3502-a46a-832842197811,a296a2ba-b1ad-a3c5-d420-cef2ec5adf8d,2001499,Vitamin B12 5 MG/ML Injectable Solution,143.65,93.65,100,14365.00,,
2018-09-29T07:37:05Z,2018-10-06T23:37:05Z,a296a2ba-b1ad-a3c5-d172-aa3dfdbcdab9,df166300-5a78-3502-a46a-832842197811,a296a2ba-b1ad-a3c5-98e6-53af489230cb,834102,Penicillin V Potassium 500 MG Oral Tablet,213.68,163.68,1,213.68,43878008,Streptococcal sore throat (disorder)
2018-10-19T23:49:33Z,2018-10-29T23:49:33Z,a296a2ba-b1ad-a3c5-d172-aa3dfdbcdab9,df166300-5a78-3502-a46a-832842197811,a296a2ba-b1ad-a3c5-2d4c-da1a4d823077,1043400,Acetaminophen 21.7 MG/ML / Dextromethorphan Hydrobromide 1 MG/ML / doxylamine succinate 0.417 MG/ML Oral Solution,347.25,297.25,1,347.25,10509002,Acute bronchitis (disorder)
2018-11-12T02:59:55Z,2018-11-12T02:59:55Z,a296a2ba-b1ad-a3c5-d172-aa3dfdbcdab9,df166300-5a78-3502-a46a-832842197811,a296a2ba-b1ad-a3c5-ad60-a0564eca413b,1535362,sodium fluoride 0.0272 MG/MG Oral Gel,245.97,195.97,1,,103697008,Patient referral for dental care (procedure)
2019-02-07T09:37:05Z,2019-02-21T09:37:05Z,a296a2ba-b1ad-a3c5-d172-aa3dfdbcdab9,df166300-5a78-3502-a46a-832842197811,a296a2ba-b1ad-a3c5-fe24-ebd2d360b1a8,562251,Amoxicillin 250 MG / Clavulanate 125 MG Oral Tablet,86.81,36.81,1,86.81,444814009,Viral sinusitis (disorder)
2023-08-20T23:52:18Z,2023-09-14T23:52:18Z,a296a2ba-b1ad-a3c5-d172-aa3dfdbcdab9,df166300-5a78-3502-a46a-832842197811,a296a2ba-b1ad-a3c5-fd63-cd0c4845c47f,310965,Ibuprofen 200 MG Oral Tablet,260.90,210.90,1,260.90,,
2025-04-02T07:02:46Z,2025-04-16T07:02:46Z,23c94034-f050-04d5-c5a3-2d42bf3ccc7f,26aab0cd-6aba-3e1b-ac5b-05c8867e762c,23c94034-f050-04d5-93df-33c2db1d7fd6,198405,Ibuprofen 100 MG Oral Tablet,353.51,0.00,1,353.51,,
2019-02-16T18:44:37Z,,06eb6dda-a918-928f-76cf-6bf370cf2014,b046940f-1664-3047-bca7-dfa76be352a4,06eb6dda-a918-928f-cf60-beb0a5a2142b,665078,Loratadine 5 MG Chewable Tablet,144.69,0.00,91,13166.79,,
2019-02-16T18:44:37Z,,06eb6dda-a918-928f-76cf-6bf370cf2014,b046940f-1664-3047-bca7-dfa76be352a4,06eb6dda-a918-928f-cf60-beb0a5a2142b,1870230,NDA020800 0.3 ML Epinephrine 1 MG/ML Auto-Injector,71.47,0.00,91,6503.77,,
2019-08-09T02:15:34Z,2019-08-23T02:15:34Z,06eb6dda-a918-928f-76cf-6bf370cf2014,b046940f-1664-3047-bca7-dfa76be352a4,06eb6dda-a918-928f-f095-6c608d682166,308192,Amoxicillin 500 MG Oral Tablet,42.48,0.00,1,null,,
2019-08-09T02:15:34Z,2019-08-23T02:15:34Z,06eb6dda-a918-928f-76cf-6bf370cf2014,b046940f-1664-3047-bca7-dfa76be352a4,06eb6dda-a918-928f-f095-6c608d682166,198405,Ibuprofen 100 MG Oral Tablet,772.13,0.00,1,772.13,,
2020-11-29T05:11:51Z,2020-11-29T05:11:51Z,06eb6dda-a918-928f-76cf-6bf370cf2014,b046940f-1664-3047-bca7-dfa76be352a4,06eb6dda-a918-928f-af29-0f63cf6bc41d,1535362,sodium fluoride 0.0272 MG/MG Oral Gel,245.97,0.00,1,245.97,103697008,Patient referral for dental care (procedure)
2020-12-19T02:30:16Z,2021-01-04T02:30:16Z,06eb6dda-a918-928f-76cf-6bf370cf2014,b046940f-1664-3047-bca7-dfa76be352a4,06eb6dda-a918-928f-42d1-b2c950b7fd4b,313820,Acetaminophen 160 MG Chewable Tablet,86.81,60.77,1,86.81,,
2021-05-30T05:02:56Z,2021-05-30T05:02:56Z,06eb6dda-a918-928f-76cf-6bf370cf2014,a735bf55-83e9-331a-899d-a82a60b9f60c,06eb6dda-a918-928f-167b-24d2cb1d3507,1535362,,245.97,196.78,1,245.97,103697008,Patient referral for dental care (procedure)
2021-06-17T17:15:34Z,2021-07-14T17:15:34Z,06eb6dda-a918-928f-76cf-6bf370cf2014,a735bf55-83e9-331a-899d-a82a60b9f60c,06eb6dda-a918-928f-689a-987f6ea1587d,106258,Hydrocortisone 10 MG/ML Topical Cream,86.81,69.45,1,86.81,24079001,Atopic dermatitis (disorder)
2021-08-15T02:15:34Z,2021-08-29T02:15:34Z,06eb6dda-a918-928f-76cf-6bf370cf2014,a735bf55-83e9-331a-899d-a82a60b9f60c,06eb6dda-a918-928f-b00c-c8d7ecc5744a,313820,Acetaminophen 160 MG Chewable Tablet,231.50,185.20,1,231.50,,
2021-11-28T05:01:37Z,2021-11-28T05:01:37Z,06eb6dda-a918-928f-76cf-6bf370cf2014,a735bf55-83e9-331a-899d-a82a60b9f60c,06eb6dda-a918-928f-7d99-d8bb42dfdc02,1535362,sodium fluoride 0.0272 MG/MG Oral Gel,245.97,196.78,1,245.97,103697008,Patient referral for dental care (procedure)
2022-04-18T02:15:34Z,11/27/2022T02:15:34Z,06eb6dda-a918-928f-76cf-6bf370cf2014,a735bf55-83e9-331a-899d-a82a60b9f60c,06eb6dda-a918-928f-3a77-d414865fbe0e,616830,budesonide 0.125 MG/ML Inhalation Suspension [Pulmicort],245.97,76.82,1,245.97,233678006,Childhood asthma (disorder)
2022-04-18T02:15:34Z,2022-11-27T02:15:34Z,06eb6dda-a918-928f-76cf-6bf370cf2014,a735bf55-83e9-331a-899d-a82a60b9f60c,06eb6dda-a918-928f-3a77-d414865fbe0e,630208,albuterol 0.83 MG/ML Inhalation Solution,245.97,196.78,1,245.97,233678006,Childhood asthma (disorder)
2022-11-27T02:15:34Z,2023-12-03T02:15:34Z,06eb6dda-a918-928f-76cf-6bf370cf2014,a735bf55-83e9-331a-899d-a82a60b9f60c,06eb6dda-a918-928f-2533-1767c134658a,616830,budesonide 0.125 MG/ML Inhalation Suspension [Pulmicort],245.97,196.78,1,245.97,233678006,Childhood asthma (disorder)
2022-11-27T02:15:34Z,2023-12-03T02:15:34Z,06eb6dda-a918-928f-76cf-6bf370cf2014,a735bf55-83e9-331a-899d-a82a60b9f60c,06eb6dda-a918-928f-2533-1767c134658a,630208,albuterol 0.83 MG/ML Inhalation Solution,245.97,196.78,1,245.97,233678006,Childhood asthma (disorder)
2023-12-03T02:15:34Z,2024-10-20T02:15:34Z,06eb6dda-a918-928f-76cf-6bf370cf2014,a735bf55-83e9-331a-899d-a82a60b9f60c,06eb6dda-a918-928f-8c6c-b32c1c0c931d,616830,budesonide 0.125 MG/ML Inhalation Suspension [Pulmicort],245.97,10.38,1,245.97,233678006,Childhood asthma (disorder)
2023-12-03T02:15:34Z,2024-10-20T02:15:34Z,06eb6dda-a918-928f-76cf-6bf370cf2014,a735bf55-83e9-331a-899d-a82a60b9f60c,06eb6dda-a918-928f-8c6c-b32c1c0c931d,630208,albuterol 0.83 MG/ML Inhalation Solution,245.97,196.78,1,245.97,233678006,Childhood asthma (disorder)
2024-10-20T02:15:34Z,2024-10-27T02:15:34Z,06eb6dda-a918-928f-76cf-6bf370cf2014,a735bf55-83e9-331a-899d-a82a60b9f60c,06eb6dda-a918-928f-ec14-c98dfef98857,616830,budesonide 0.125 MG/ML Inhalation Suspension [Pulmicort],245.97,121.11,1,245.97,233678006,Childhood asthma (disorder)
2024-10-20T02:15:34Z,10/27/2024T02:15:34Z,06eb6dda-a918-928f-76cf-6bf370cf2014,a735bf55-83e9-331a-899d-a82a60b9f60c,06eb6dda-a918-928f-ec14-c98dfef98857,630208,albuterol 0.83 MG/ML Inhalation Solution,245.97,196.78,1,245.97,233678006,Childhood asthma (disorder)
2024-10-27T02:15:34Z,2024-11-03T02:15:34Z,06eb6dda-a918-928f-76cf-6bf370cf2014,a735bf55-83e9-331a-899d-a82a60b9f60c,06eb6dda-a918-928f-3812-a30616d650d1,616830,budesonide 0.125 MG/ML Inhalation Suspension [Plumicort],245.97,196.78,1,245.97,233678006,Childhood asthma (disorder)
2024-10-27T02:15:34Z,2024-11-03T02:15:34Z,06eb6dda-a918-928f-76cf-6bf370cf2014,a735bf55-83e9-331a-899d-a82a60b9f60c,06eb6dda-a918-928f-3812-a30616d650d1,630208,albuterol 0.83 MG/ML Inhalation Solution,245.97,196.78,1,245.97,233678006,Childhood asthma (disorder)
2024-11-03T02:15:34Z,2024-12-08T02:15:34Z,06eb6dda-a918-928f-76cf-6bf370cf2014,a735bf55-83e9-331a-899d-a82a60b9f60c,06eb6dda-a918-928f-4daa-7ec6bd712fc4,616830,budesonide 0.125 MG/ML Inhalation Suspension [Pulmicort],245.97,196.78,1,245.97,233678006,Childhood asthma (disorder)
2024-11-03T02:15:34Z,2024-12-08T02:15:34Z,06eb6dda-a918-928f-76cf-6bf370cf2014,a735bf55-83e9-331a-899d-a82a60b9f60c,06eb6dda-a918-928f-4daa-7ec6bd712fc4,630208,albuterol 0.83 MG/ML Inhalation Solution,245.97,196.78,1,245.97,233678006,Childhood asthma (disorder)
08/12/2024T02:15:34Z,2025.12.14T02:15:34Z,06eb6dda-a918-928f-76cf-6bf370cf2014,a735bf55-83e9-331a-899d-a82a60b9f60c,06eb6dda-a918-928f-b1b4-daa01e8406e5,616830,budesonide 0.125 MG/ML Inhalation Suspension [Pulmicort],245.97,196.78,1,245.97,233678006,Childhood asthma (disorder)
2024-12-08T02:15:34Z,2025-12-14T02:15:34Z,06eb6dda-a918-928f-76cf-6bf370cf2014,a735bf55-83e9-331a-899d-a82a60b9f60c,06eb6dda-a918-928f-b1b4-daa01e8406e5,630208,albuterol 0.83 MG/ML Inhalation Solution,245.97,196.78,1,245.97,233678006,Childhood asthma (disorder)
2024-12-15T09:58:45Z,2024-12-15T09:58:45Z,06eb6dda-a918-928f-76cf-6bf370cf2014,a735bf55-83e9-331a-899d-a82a60b9f60c,06eb6dda-a918-928f-251d-81f853a6bd45,1535362,sodium fluoride 0.0272 MG/MG Oral Gel,245.97,196.78,1,245.97,103697008,Patient referral for dental care (procedure)
2025-12-14T02:15:34Z,,06eb6dda-a918-928f-76cf-6bf370cf2014,a735bf55-83e9-331a-899d-a82a60b9f60c,06eb6dda-a918-928f-7fd2-c246393978ca,616830,budesonide 0.125 MG/ML Inhalation Suspension [Pulmicort],245.97,10.38,1,245.97,233678006,Childhood asthma (disorder)
2025-12-14T02:15:34Z,,06eb6dda-a918-928f-76cf-6bf370cf2014,a735bf55-83e9-331a-899d-a82a60b9f60c,06eb6dda-a918-928f-7fd2-c246393978ca,630208,albuterol 0.83 MG/ML Inhalation Solution,245.97,196.78,1,,233678006,Childhood asthma (disorder)
